id,PK,PKINT,LABEL,BEGIN_DAT,ABW_BEHANDLUNG,KAPAZITAET,long,lat
1,1-00000010,ATTP_1-00000010,Eisenstadt (Eisbachtal),1/1/2022,CNDP,54000,16.54224498,47.83113888
2,1-W1,ATTP_1-W1,Wimpassing/Leitha,1/1/2022,CNDP,5000,16.43695538,47.92599191
3,1-00000145,ATTP_1-00000145,Schützen (Neusiedlersee-Westufer),1/1/2022,CNDP,66500,16.64816526,47.85805405
4,1-00000074,ATTP_1-00000074,Wulkaprodersdorf (Wulkatal),1/1/2022,CNDP,110000,16.51725031,47.80061661
5,1-00000040,ATTP_1-00000040,Neufeld (Neufelderseengebiet),1/1/2022,CNDP,28700,16.38376828,47.88155231
6,1-00000020,ATTP_1-00000020,Heiligenbrunn,1/1/2022,CNDP,2500,16.45185355,47.0124394
7,1-00000064,ATTP_1-00000064,Bocksdorf (Oberes Stremtal),1/1/2022,CNDP,12500,16.18309701,47.13817813
8,1-00000079,ATTP_1-00000079,Glasing (Mittleres Strem- und Zickenbachtal),1/1/2022,CNDP,35000,16.36511438,47.04777715
9,1-00000133,ATTP_1-00000133,Heiligenkreuz/Lafnitztal (Bez.Jennersdorf) Lafnitztal-Raabtal,1/1/2022,CNDP,130000,16.25821945,46.96591435
11,1-00000112,ATTP_1-00000112,Halbturn,1/1/2022,CNDP,7000,17.0009841,47.8558223
13,1-00000027,ATTP_1-00000027,Jois,1/1/2022,CNDP,8400,16.79380116,47.94911158
14,1-00000078,ATTP_1-00000078,Nickelsdorf (Nickelsdorf - Zurndorf),1/1/2022,CNDP,12500,17.08940875,47.94475321
15,1-00000001,ATTP_1-00000001,Andau,1/1/2022,CNDP,13500,17.04913648,47.77866712
17,1-00000077,ATTP_1-00000077,Pamhagen (Seewinkel),1/1/2022,CNDP,30000,16.87319418,47.72036938
18,1-00000016,ATTP_1-00000016,Gols (Gols - Mönchhof),1/1/2022,CNDP,40000,16.92004324,47.88574748
19,1-00000018,ATTP_1-00000018,"Großwarasdorf, Nebersdorf, Langental",1/1/2022,CNDP,2500,16.57342342,47.50470263
20,1-00000093,ATTP_1-00000093,Lutzmannsburg (Lutzmannsburg - Frankenau),1/1/2022,CNDP,9000,16.66122332,47.45595799
21,1-00000030,ATTP_1-00000030,Klostermarienberg (Lockenhaus) Günstal,1/1/2022,CNDP,15200,16.58038362,47.42425385
22,1-00000044,ATTP_1-00000044,Oberpullendorf (Mittleres Burgenland) Stooberbachtal,1/1/2022,CNDP,25000,16.5274033,47.48878171
23,1-00000005,ATTP_1-00000005,Deutschkreuz (Mittleres Burgenland) Goldbachtal,1/1/2022,CNDP,65000,16.64063642,47.59448987
24,1-00000060,ATTP_1-00000060,Schandorf - Schachendorf,1/1/2022,CNDP,2000,16.41947227,47.23798984
25,1-00000153,ATTP_1-00000153,"Hochneukirchen, Harmannsdorf, Züggen, Kirchschlagl, Maltern, Offenegg",1/1/2022,CNDP,2400,16.20673391,47.42249582
26,1-00000111,ATTP_1-00000111,Kleinzicken (Tauchental),1/1/2022,CNDP,4000,16.32678693,47.20788774
27,1-00000006,ATTP_1-00000006,Deutsch Schützen (Deutsch Schützen - Höll),1/1/2022,CNDP,4100,16.44703072,47.13695091
28,1-00000036,ATTP_1-00000036,Mischendorf,1/1/2022,CNDP,5000,16.34646273,47.18622678
29,1-00000055,ATTP_1-00000055,Rechnitz,1/1/2022,CNDP,6000,16.45340333,47.30154333
30,1-00000103,ATTP_1-00000103,Burg (Tauchental),1/1/2022,CNDP,7000,16.41322831,47.20458467
31,1-00000081,ATTP_1-00000081,Wolfau (Stögersbachtal),1/1/2022,CNDP,14500,16.09176713,47.25350788
32,1-00000097,ATTP_1-00000097,Neumarkt (Tauchental),1/1/2022,CNDP,15000,16.29810897,47.28410776
33,1-00000050,ATTP_1-00000050,Riedlingsdorf (Oberes Pinkatal),1/1/2022,CNDP,25500,16.14864662,47.3286668
34,1-00000057,ATTP_1-00000057,Siget / Wart (Mittleres Pinka- und Zickenbachtal),1/1/2022,CNDP,45000,16.27843123,47.25370566
35,2-K1720229R0,ATTP_2-K1720229R0,Gemeinde Albeck,1/1/2022,CNDP,2350,14.07583994,46.82534515
36,2-K1939137,ATTP_2-K1939137,WV Ossiacher See,1/1/2022,CNDP,50000,14.0817053,46.71209095
37,2-K1543752R0,ATTP_2-K1543752R0,ABKM ABKM-Abwasserbeseitigung Kötschach-Mauthen Errichtung und Betriebsgesellschaft,1/1/2022,CNDP,7000,13.01540951,46.66993525
38,2-K1949430,ATTP_2-K1949430,Abwasserverband Karnische Region,1/1/2022,CNDP,44000,13.49113691,46.61032181
39,2-K1931629,ATTP_2-K1931629,Wasserverband Wörthersee Ost,1/1/2022,CNDP,300000,14.33369434,46.60608344
40,2-K1950740,ATTP_2-K1950740,Marktgemeinde Grafenstein,1/1/2022,CNDP,2650,14.48855036,46.60449558
41,2-K1950745,ATTP_2-K1950745,Gemeinde Ludmannsdorf,1/1/2022,CNDP,3000,14.18957537,46.53854421
42,2-K1950728,ATTP_2-K1950728,Gemeinde Feitritz i.R.,1/1/2022,CNDP,3750,14.2035545,46.53400098
43,2-K1933909,ATTP_2-K1933909,Gemeinde Poggersdorf,1/1/2022,CNDP,6500,14.42651862,46.64207797
44,2-K1950736,ATTP_2-K1950736,Stadtgemeinde Ferlach,1/1/2022,CNDP,10000,14.30460068,46.54251149
45,2-K2307771,ATTP_2-K2307771,WV Abwasserverband Görtschitztal,1/1/2022,CNDP,9000,14.53339051,46.73820788
46,2-K1933309,ATTP_2-K1933309,Gemeinde Großkirchheim,1/1/2022,CNDP,2250,12.8993669,46.94953062
47,2-K1762568R0,ATTP_2-K1762568R0,Marktgemeinde Winklern,1/1/2022,CNDP,2400,12.8929038,46.8607829
48,2-K1943810,ATTP_2-K1943810,Gemeinde Rennweg,1/1/2022,CNDP,3700,13.62219865,46.98902225
49,2-K1756402R0,ATTP_2-K1756402R0,Gemeinde Krems in Kärnten,1/1/2022,CNDP,4000,13.70863534,46.97661313
50,2-K1933251,ATTP_2-K1933251,Gemeinde Irschen,1/1/2022,CNDP,4950,13.02396981,46.73923139
51,2-K2391503,ATTP_2-K2391503,Gemeinde Dellach/Gemeinde Berg,1/1/2022,CNDP,7800,13.09935697,46.7383329
52,2-K1639918R0,ATTP_2-K1639918R0,Gemeinde Heiligenblut,1/1/2022,CNDP,8250,12.86667341,47.01535372
53,2-K2391520,ATTP_2-K2391520,Marktgemeinde Steinfeld und Greifenburg/Gemeinde Weißensee,1/1/2022,CNDP,13300,13.2608577,46.75477295
54,2-K1620535R0,ATTP_2-K1620535R0,WV Reinhalteverband Mölltal,1/1/2022,CNDP,15000,13.21649411,46.91934007
55,2-K1949374,ATTP_2-K1949374,WV Millstätter See,1/1/2022,CNDP,130000,13.51901161,46.77958116
56,2-K1608259R0,ATTP_2-K1608259R0,Marktgemeinde Hüttenberg,1/1/2022,CNDP,3500,14.54809286,46.9283197
57,2-K1610301R0,ATTP_2-K1610301R0,WV Abwasserverband Raum Friesach-Althofen,1/1/2022,CNDP,32000,14.45576941,46.86082003
58,2-K1610676R0,ATTP_2-K1610676R0,Reinhalteverband für das Gebiet St. Veit/Glan,1/1/2022,CNDP,65000,14.38532704,46.73996912
59,2-K1939997,ATTP_2-K1939997,Stadtgemeinde Villach,1/1/2022,CNDP,250000,13.87713878,46.61202788
60,2-K1843518R0,ATTP_2-K1843518R0,ABUG-Abwasserbeseitigung Unteres Gailtal Errichtungs- und Betriebsgesellschaft,1/1/2022,CNDP,6425,13.61927003,46.58127377
61,2-K1669675R0,ATTP_2-K1669675R0,Gemeinde Ferndorf,1/1/2022,CNDP,7000,13.63878145,46.72311201
62,2-K1822227R0,ATTP_2-K1822227R0,Wasserverband Unteres Drautal,1/1/2022,CNDP,23000,13.72896094,46.67168389
63,2-K1944050,ATTP_2-K1944050,Abwasserverband Wörthersee West,1/1/2022,CNDP,44000,14.02400867,46.57321373
64,2-K1822657R0,ATTP_2-K1822657R0,WV Abwasserverband Völkermarkt-Jaunfeld (Tainach),1/1/2022,CNDP,2000,14.55178788,46.62292085
65,2-K1928170,ATTP_2-K1928170,Gemeinde Ruden,1/1/2022,CNDP,2000,14.83882343,46.66479913
66,2-K1859107R0,ATTP_2-K1859107R0,Gemeinde Gallizien,1/1/2022,CNDP,2550,14.5048294,46.56838015
67,2-K1672421R0,ATTP_2-K1672421R0,Marktgemeinde Eisenkappel-Vellach,1/1/2022,CNDP,4000,14.57898745,46.51110898
68,2-K1679698R0,ATTP_2-K1679698R0,Marktgemeinde Griffen,1/1/2022,CNDP,4950,14.74323455,46.69906882
69,2-K1750774R0,ATTP_2-K1750774R0,Gemeinde St. Kanzian am Klopeinersee,1/1/2022,CNDP,25000,14.58631978,46.62058598
70,2-K1518811R0,ATTP_2-K1518811R0,WV Abwasserverband Völkermarkt-Jaunfeld (Eberndorf),1/1/2022,CNDP,46000,14.65381399,46.63991774
71,2-K1842816R0,ATTP_2-K1842816R0,Marktgemeinde Lavamünd,1/1/2022,CNDP,4000,14.97506135,46.61738338
72,2-K1702958R0,ATTP_2-K1702958R0,Abwasserverband "Oberes Lavanttal",1/1/2022,CNDP,8000,14.82924043,46.93277889
73,2-K1702940R0,ATTP_2-K1702940R0,Reinhalteverband "Mittleres Lavanttal",1/1/2022,CNDP,120000,14.84602768,46.73683344
74,3-609,ATTP_3-609,ARA Ferschnitz,1/1/2022,CNDP,2000,15.00078844,48.0995769
75,3-128,ATTP_3-128,ARA Wallsee-Sindelburg,1/1/2022,CNDP,2700,14.72357081,48.16784675
76,3-125,ATTP_3-125,ARA Hollenstein an der Ybbs,1/1/2022,CNDP,3000,14.7665889,47.80970513
77,3-147,ATTP_3-147,ARA Strengberg,1/1/2022,CNDP,3000,14.67302353,48.14605029
78,3-608,ATTP_3-608,ARA Ernsthofen,1/1/2022,CNDP,3700,14.47503868,48.14422791
80,3-180,ATTP_3-180,ARA Hainbuch Dorf an der Enns,1/1/2022,CNDP,4700,14.47626271,48.10215187
81,3-176,ATTP_3-176,ARA Ybbsitz,1/1/2022,CNDP,5000,14.85106695,47.94049086
82,3-109,ATTP_3-109,ARA Haag,1/1/2022,CNDP,8000,14.54557461,48.11476061
83,Mar-65,ATTP_3-65,ARA GAV Ennsdorf-St.Pantaleon,1/1/2022,CNDP,10000,14.536085,48.23035265
84,3-187,ATTP_3-187,ARA St. Valentin,1/1/2022,CNDP,15000,14.53702273,48.18056973
85,3-124,ATTP_3-124,ARA GAV Oberes Urltal,1/1/2022,CNDP,18000,14.70550697,48.05807065
86,3-104,ATTP_3-104,ARA GAV Amstetten,1/1/2022,CNDP,150000,14.89626011,48.10859961
87,3-805,ATTP_3-805,ARA Heiligenkreuz,1/1/2022,CNDP,4500,16.18298889,48.01936595
88,3-476,ATTP_3-476,ARA GV Altenmarkt an der Triesting - Kaumberg,1/1/2022,CNDP,5000,16.00865446,48.01078117
89,Mar-89,ATTP_3-89,ARA Sooß,1/1/2022,CNDP,6000,16.22584164,47.98342291
90,25-Mar,ATTP_3-25,ARA GAV Ebenfurth-Pottendorf,1/1/2022,CNDP,8500,16.40107892,47.91107855
91,3-184,ATTP_3-184,ARA Alland,1/1/2022,CNDP,10000,16.10103609,48.04145042
92,Mar-63,ATTP_3-63,ARA Seibersdorf,1/1/2022,CNDP,10000,16.49434637,47.94294065
93,Mar-36,ATTP_3-36,ARA Ebreichsdorf,1/1/2022,CNDP,20000,16.41378312,47.97230657
94,Mar-38,ATTP_3-38,ARA Traiskirchen,1/1/2022,CNDP,33000,16.30947471,48.03107084
95,Mar-43,ATTP_3-43,ARA GAV Trumau-Schönau,1/1/2022,CNDP,40000,16.3542273,48.00554532
96,29-Mar,ATTP_3-29,ARA Baden,1/1/2022,CNDP,45000,16.26404074,47.99467013
97,Mar-34,ATTP_3-34,ARA GV Abwasserbeseitigung Raum Bad Vöslau,1/1/2022,CNDP,120000,16.24238879,47.96897233
101,Mar-92,ATTP_3-92,ARA AV Raum Hainburg,1/1/2022,CNDP,15000,16.92768375,48.14439608
102,3-643,ATTP_3-643,ARA AV Großraum Bruck an der Leitha - Neusiedl am See,1/1/2022,CNDP,190000,16.82614633,48.03079808
103,3-843,ATTP_3-843,ARA Haringsee,1/1/2022,CNDP,2000,16.77394921,48.20067985
105,3-214,ATTP_3-214,ARA Erholungszentrum Lassee,1/1/2022,CNDP,2000,16.86414896,48.21979193
108,3-815,ATTP_3-815,ARA Engelhartstetten,1/1/2022,CNDP,2700,16.89475544,48.18744507
109,3-845,ATTP_3-845,ARA Jedenspeigen,1/1/2022,CNDP,3000,16.88455439,48.49414593
111,Mar-70,ATTP_3-70,ARA Prottes,1/1/2022,CNDP,3200,16.74161048,48.37318949
116,Mar-71,ATTP_3-71,ARA Hohenau an der March,1/1/2022,CNDP,5000,16.91370098,48.60620733
117,3-221,ATTP_3-221,ARA AV Sulzbach,1/1/2022,CNDP,6000,16.80821875,48.46524681
119,3-814,ATTP_3-814,ARA Leopoldsdorf im Marchfelde,1/1/2022,CNDP,6000,16.70823936,48.23210959
120,3-707,ATTP_3-707,ARA Angern an der March,1/1/2022,CNDP,8500,16.83135789,48.36298505
121,3-244,ATTP_3-244,ARA GAV Unteres Zayatal,1/1/2022,CNDP,9000,16.83150122,48.589822
122,Mar-72,ATTP_3-72,ARA Zistersdorf,1/1/2022,CNDP,9000,16.7804204,48.54719366
123,3-121,ATTP_3-121,ARA Deutsch-Wagram,1/1/2022,CNDP,12000,16.55752284,48.29318463
124,3-772,ATTP_3-772,ARA GAV Oberer Weidenbach,1/1/2022,CNDP,13000,16.60690417,48.43812407
125,3-729,ATTP_3-729,ARA GAV Mittlerer Weidenbach,1/1/2022,CNDP,14000,16.71213451,48.36466071
126,Mar-77,ATTP_3-77,ARA Gänserndorf,1/1/2022,CNDP,14000,16.73501508,48.34676958
127,3-134,ATTP_3-134,ARA GAV Marchfeld,1/1/2022,CNDP,42000,16.65304063,48.25906326
128,3-142,ATTP_3-142,ARA Groß-Enzersdorf,1/1/2022,CNDP,144000,16.54657213,48.17881476
130,Mar-88,ATTP_3-88,ARA AV Lainsitz-Mitte,1/1/2022,CNDP,5800,14.89223598,48.70629083
131,3-1701,ATTP_3-1701,ARA Litschau,1/1/2022,CNDP,6000,15.04238946,48.945062
132,3-757,ATTP_3-757,ARA AV Lainsitz,1/1/2022,CNDP,50000,14.95737939,48.79560059
134,3-136,ATTP_3-136,ARA VG Ravelsbach - Maissau,1/1/2022,CNDP,7372,15.88663247,48.55363734
135,Mar-99,ATTP_3-99,ARA GAV Raum Groß-Kadolz,1/1/2022,CNDP,8000,16.19230485,48.70988584
136,3-255,ATTP_3-255,ARA Sitzendorf an der Schmida,1/1/2022,CNDP,9200,15.93210242,48.56806275
137,3-346,ATTP_3-346,ARA Zellerndorf,1/1/2022,CNDP,9800,15.98895014,48.69988726
138,3-127,ATTP_3-127,ARA Ziersdorf,1/1/2022,CNDP,11000,15.94288035,48.52843464
140,Mar-81,ATTP_3-81,ARA Retz,1/1/2022,CNDP,13477,15.96567607,48.75449607
141,3-345,ATTP_3-345,ARA Pulkau,1/1/2022,CNDP,13500,15.88098509,48.69980134
142,3-728,ATTP_3-728,ARA GAV Gmoosbach,1/1/2022,CNDP,14240,16.08598441,48.59950062
143,10-Mar,ATTP_3-10,ARA Hollabrunn,1/1/2022,CNDP,30000,16.0729555,48.54842103
145,3-850,ATTP_3-850,ARA GAV Maignerbach,1/1/2022,CNDP,6000,15.81839807,48.67680813
147,3-848,ATTP_3-848,ARA GAV Eggenburg - Röschitz,1/1/2022,CNDP,22000,15.90451831,48.6589351
150,3-830,ATTP_3-830,ARA Harmannsdorf,1/1/2022,CNDP,4600,16.36892089,48.37959066
152,3-1041,ATTP_3-1041,ARA EVN Wasser (GAV Senningbach),1/1/2022,CNDP,5000,16.23903921,48.45886042
153,3-829,ATTP_3-829,ARA GAV Unteres Schmidatal,1/1/2022,CNDP,6000,16.10753379,48.36946473
154,3-828,ATTP_3-828,ARA GAV Sierndorf - Göllersdorf,1/1/2022,CNDP,9000,16.16775933,48.42029019
155,3-150,ATTP_3-150,ARA Stockerau,1/1/2022,CNDP,30000,16.22972455,48.38420854
156,3-132,ATTP_3-132,ARA AV Raum Korneuburg,1/1/2022,CNDP,80000,16.33198562,48.33243406
157,3-689,ATTP_3-689,ARA Rastenfeld,1/1/2022,CNDP,3000,15.33965249,48.59412021
158,3-253,ATTP_3-253,ARA Lengenfeld,1/1/2022,CNDP,4000,15.61639256,48.47577967
160,3-851,ATTP_3-851,ARA GAV Langenlois - Schönberg am Kamp,1/1/2022,CNDP,70000,15.70215604,48.46930981
161,3-119,ATTP_3-119,ARA GAV Raum Krems an der Donau,1/1/2022,CNDP,255000,15.66287142,48.40074747
164,3-369,ATTP_3-369,ARA AV Gölsental,1/1/2022,CNDP,18000,15.63270519,48.05282931
165,3-243,ATTP_3-243,ARA Hürm,1/1/2022,CNDP,2000,15.41925469,48.15645895
166,3-305,ATTP_3-305,ARA Kilb,1/1/2022,CNDP,2000,15.41492088,48.10541862
167,3-234,ATTP_3-234,ARA Bischofstetten,1/1/2022,CNDP,2200,15.46882836,48.12552121
168,3-287,ATTP_3-287,ARA GV Abwasser Kirnberg - Texingtal,1/1/2022,CNDP,2800,15.318221,48.07735215
171,Mar-84,ATTP_3-84,ARA Mank,1/1/2022,CNDP,4800,15.3372404,48.11472916
172,Mar-46,ATTP_3-46,ARA Pöggstall,1/1/2022,CNDP,5270,15.21393366,48.31530941
174,3-477,ATTP_3-477,ARA GAV Ruprechtshofen - St. Leonhard am Forst,1/1/2022,CNDP,8000,15.25970765,48.14989791
176,7-Mar,ATTP_3-7,ARA GV Abwasserreinigung im südlichen Waldviertel,1/1/2022,CNDP,16800,15.23457581,48.21910441
177,6-Mar,ATTP_3-6,ARA AV Ybbsfeld,1/1/2022,CNDP,20000,15.09129355,48.16909534
179,3-390,ATTP_3-390,ARA Ottenthal,1/1/2022,CNDP,2000,16.57808482,48.76912526
181,3-380,ATTP_3-380,ARA Altlichtenwarth,1/1/2022,CNDP,2016,16.7886372,48.6466963
184,3-254,ATTP_3-254,ARA Neudorf bei Staatz,1/1/2022,CNDP,3000,16.47712368,48.72237077
185,3-687,ATTP_3-687,ARA Stronsdorf,1/1/2022,CNDP,3000,16.29256722,48.66383598
186,3-382,ATTP_3-382,ARA Bernhardsthal,1/1/2022,CNDP,3100,16.87743636,48.69390831
188,3-686,ATTP_3-686,ARA Schrattenberg,1/1/2022,CNDP,4000,16.73672659,48.71727339
189,Mar-67,ATTP_3-67,ARA Großkrut,1/1/2022,CNDP,4000,16.73394956,48.63851894
190,3-386,ATTP_3-386,ARA Großebersdorf,1/1/2022,CNDP,4350,16.46949287,48.35913912
192,3-682,ATTP_3-682,ARA GAV Oberes Zayatal,1/1/2022,CNDP,4800,16.50898141,48.57556924
193,3-301,ATTP_3-301,ARA AV Oberes Russbachtal,1/1/2022,CNDP,6000,16.42632401,48.44223393
194,3-683,ATTP_3-683,ARA Herrnbaumgarten,1/1/2022,CNDP,6000,16.70332659,48.69907604
195,3-705,ATTP_3-705,ARA GAV Drasenhofen,1/1/2022,CNDP,7300,16.65923687,48.76585091
196,3-152,ATTP_3-152,ARA GAV Mittleres Rußbachtal,1/1/2022,CNDP,13500,16.49892702,48.3941184
197,3-733,ATTP_3-733,ARA GAV Taschlbach,1/1/2022,CNDP,14000,16.51035622,48.54030259
198,3-159,ATTP_3-159,ARA Poysdorf,1/1/2022,CNDP,19800,16.68650914,48.65216055
199,3-1050,ATTP_3-1050,ARA GAV Laaer Becken,1/1/2022,CNDP,20800,16.39152633,48.73146615
200,3-764,ATTP_3-764,ARA Mistelbach,1/1/2022,CNDP,25000,16.61052318,48.57042607
201,3-120,ATTP_3-120,ARA GAV Wolkersdorf - Pillichsdorf - Großengersdorf,1/1/2022,CNDP,35000,16.55786071,48.35812467
203,3-402,ATTP_3-402,ARA Laxenburg,1/1/2022,CNDP,7200,16.36747195,48.06813318
204,3-396,ATTP_3-396,ARA AV Breitenfurt - Laab,1/1/2022,CNDP,12000,16.21128217,48.13647624
205,3-398,ATTP_3-398,ARA Gumpoldskirchen,1/1/2022,CNDP,15000,16.29329548,48.03464485
206,3-404,ATTP_3-404,ARA Vösendorf,1/1/2022,CNDP,20000,16.3590834,48.11759316
207,3-1022,ATTP_3-1022,ARA Guntramsdorf,1/1/2022,CNDP,27000,16.33317324,48.04203441
208,3-403,ATTP_3-403,ARA Mödling,1/1/2022,CNDP,103000,16.33021388,48.09619355
209,3-730,ATTP_3-730,ARA GAV Mittleres Pittental,1/1/2022,CNDP,6500,16.13016647,47.68678316
210,3-408,ATTP_3-408,ARA AV Grimmenstein-Edlitz-Thomasberg,1/1/2022,CNDP,10270,16.1299436,47.62840211
211,3-713,ATTP_3-713,ARA GAV Aspang - Feistritz,1/1/2022,CNDP,16000,16.11053756,47.59301851
212,3-182,ATTP_3-182,ARA AV Oberes Schwarzatal,1/1/2022,CNDP,40000,15.96079432,47.67530039
213,3-421,ATTP_3-421,ARA AV Mittleres Schwarzatal,1/1/2022,CNDP,41000,16.0468087,47.71853204
218,3-1610,ATTP_3-1610,ARA Gaming,1/1/2022,CNDP,5500,15.12653699,47.94007393
219,3-701,ATTP_3-701,ARA Göstling,1/1/2022,CNDP,7000,14.929764,47.81187633
220,3-424,ATTP_3-424,ARA GAV Kleines Erlauftal,1/1/2022,CNDP,10500,15.07552767,48.07065046
221,3-425,ATTP_3-425,ARA GAV Erlauftal,1/1/2022,CNDP,19000,15.14347232,48.0884368
222,3-108,ATTP_3-108,ARA GAV Wieselburg,1/1/2022,CNDP,64500,15.1533544,48.13828852
225,3-145,ATTP_3-145,ARA AV Oberes Perschlingtal,1/1/2022,CNDP,15300,15.75587522,48.2383588
226,3-162,ATTP_3-162,ARA AV Pielachtal,1/1/2022,CNDP,35000,15.49843403,48.21187788
227,Mar-52,ATTP_3-52,ARA AV Anzbach-Laabental,1/1/2022,CNDP,47000,15.92119614,48.22304835
228,Mar-47,ATTP_3-47,ARA AV An der Traisen,1/1/2022,CNDP,280000,15.76441656,48.36319455
229,3-842,ATTP_3-842,ARA GAV Östliches Tullnerfeld,1/1/2022,CNDP,10000,16.13402567,48.30866753
230,3-731,ATTP_3-731,ARA GAV Mittleres Schmidatal,1/1/2022,CNDP,14000,15.99042792,48.44223101
231,3-810,ATTP_3-810,ARA GAV Wagram - Nördliches Tullnerfeld,1/1/2022,CNDP,17000,15.88037517,48.38071381
232,3-105,ATTP_3-105,ARA GAV Raum St. Andrä-Wördern,1/1/2022,CNDP,20000,16.21602511,48.3408231
233,3-433,ATTP_3-433,ARA GAV Südöstliches Tullnerfeld,1/1/2022,CNDP,34000,15.99926541,48.29038111
234,3-106,ATTP_3-106,ARA GAV Wagram - West,1/1/2022,CNDP,35000,15.80036673,48.39948813
235,3-430,ATTP_3-430,ARA Tulln,1/1/2022,CNDP,37000,16.08585705,48.32974199
237,3-749,ATTP_3-749,ARA Karlstein,1/1/2022,CNDP,2700,15.4158415,48.87819812
239,3-813,ATTP_3-813,ARA Vitis,1/1/2022,CNDP,4500,15.18951779,48.75324399
240,3-434,ATTP_3-434,ARA Groß-Siegharts,1/1/2022,CNDP,7500,15.41791186,48.79940735
241,3-1127,ATTP_3-1127,ARA Abwasserreinigung im Waldviertel GmbH,1/1/2022,CNDP,16000,15.2961284,48.81962205
244,Mar-61,ATTP_3-61,ARA Gablitz,1/1/2022,CNDP,7000,16.16392454,48.21692321
245,2-Mar,ATTP_3-2,ARA GAV Fischatal,1/1/2022,CNDP,9200,16.50086823,48.02437087
247,Mar-55,ATTP_3-55,ARA Wiental - Sammelkanal GmbH,1/1/2022,CNDP,23000,16.12301186,48.18496047
248,Mar-32,ATTP_3-32,ARA Klosterneuburg,1/1/2022,CNDP,55000,16.33998943,48.29420466
249,11-Mar,ATTP_3-11,ARA AWV Schwechat,1/1/2022,CNDP,370000,16.54122212,48.13458344
250,3-812,ATTP_3-812,ARA WVG Bad Schönau - Krumbach,1/1/2022,CNDP,6000,16.23976326,47.50494824
251,3-450,ATTP_3-450,ARA GV Abwasserbeseitigung Raum Hohe Wand - Steinfeld,1/1/2022,CNDP,32000,16.18432885,47.82291888
252,3-448,ATTP_3-448,ARA Piestingtaler AV,1/1/2022,CNDP,60000,16.26244384,47.90489281
253,3-447,ATTP_3-447,ARA AV Oberes Piestingtal,1/1/2022,CNDP,109683,15.98395063,47.89089477
254,3-449,ATTP_3-449,ARA AWV Wr. Neustadt-Süd,1/1/2022,CNDP,260000,16.27561101,47.83352789
255,3-296,ATTP_3-296,ARA Ottenschlag,1/1/2022,CNDP,2000,15.20437213,48.43080872
260,3-137,ATTP_3-137,ARA Allentsteig,1/1/2022,CNDP,6600,15.32745856,48.72223221
262,4-40408001,ATTP_4-40408001,Franking,1/1/2022,CNDP,2500,12.91635032,48.04653121
263,4-40420001,ATTP_4-40420001,Maria Schmolln,1/1/2022,CNDP,4500,13.19701847,48.14770513
264,4-40413001,ATTP_4-40413001,Helpfau-Uttendorf,1/1/2022,CNDP,4950,13.12453564,48.17041957
265,4-40433001,ATTP_4-40433001,Polling und Umgebung,1/1/2022,CNDP,6300,13.27221068,48.23189108
266,4-40422002,ATTP_4-40422002,Mauerkirchen,1/1/2022,CNDP,8000,13.12479043,48.19772269
267,4-40402001,ATTP_4-40402001,Aspach,1/1/2022,CNDP,9500,13.30091693,48.19028906
268,4-40406001,ATTP_4-40406001,Eggelsberg,1/1/2022,CNDP,9522,12.98069341,48.07052518
269,4-40428001,ATTP_4-40428001,Salzach-Mitte,1/1/2022,CNDP,10000,12.82493349,48.04386195
270,4-40401001,ATTP_4-40401001,Altheim und Umgebung,1/1/2022,CNDP,19000,13.21049045,48.26027878
271,4-40404001,ATTP_4-40404001,Braunau,1/1/2022,CNDP,44800,13.05963526,48.2645559
272,4-40421001,ATTP_4-40421001,Mattig-Hainbach,1/1/2022,CNDP,54000,13.13232377,48.12481906
273,4-40509001,ATTP_4-40509001,Eferding,1/1/2022,CNDP,60000,14.04705656,48.32302293
274,4-40832001,ATTP_4-40832001,Trattnachtal,1/1/2022,CNDP,65000,13.96734614,48.24101762
275,4-40502002,ATTP_4-40502002,AGRANA,1/1/2022,CNDP,262167,14.01497211,48.36241677
276,4-40607001,ATTP_4-40607001,Kefermarkt,1/1/2022,CNDP,3200,14.53873938,48.43062476
277,4-40622001,ATTP_4-40622001,Unterweitersdorf,1/1/2022,CNDP,3500,14.46116742,48.35380675
278,4-40611001,ATTP_4-40611001,Liebenau,1/1/2022,CNDP,3500,14.82064783,48.5360471
279,4-40612001,ATTP_4-40612001,Neumarkt im Mühlkreis,1/1/2022,CNDP,3500,14.4750526,48.41939831
280,4-40618001,ATTP_4-40618001,St. Oswald,1/1/2022,CNDP,3500,14.57399039,48.49291812
281,4-40603001,ATTP_4-40603001,Gutau,1/1/2022,CNDP,3600,14.61362626,48.41547272
282,4-40613001,ATTP_4-40613001,Pierbach-Schönau-St.Thomas,1/1/2022,CNDP,4000,14.72179173,48.34585321
283,4-40621001,ATTP_4-40621001,Unterweißenbach,1/1/2022,CNDP,4200,14.7772514,48.42882127
284,4-40608002,ATTP_4-40608002,Königswiesen,1/1/2022,CNDP,5000,14.8281504,48.39495257
285,4-40620001,ATTP_4-40620001,Kettenbach I,1/1/2022,CNDP,7000,14.63006371,48.32218516
286,4-40614001,ATTP_4-40614001,Untere Feldaist,1/1/2022,CNDP,21500,14.52565672,48.35317373
287,4-40601002,ATTP_4-40601002,Freistadt,1/1/2022,CNDP,38000,14.50650417,48.49443443
288,4-40704001,ATTP_4-40704001,Ebensee,1/1/2022,CNDP,12000,13.78169397,47.81187945
289,4-40719002,ATTP_4-40719002,Scharnstein,1/1/2022,CNDP,12500,13.9762404,47.91565614
290,4-40720001,ATTP_4-40720001,Vorchdorf,1/1/2022,CNDP,17000,13.90988739,48.01728907
291,4-40702001,ATTP_4-40702001,Hallstättersee,1/1/2022,CNDP,22000,13.6080856,47.66640163
292,4-40703001,ATTP_4-40703001,Wolfgangsee-Ischl,1/1/2022,CNDP,100000,13.64841599,47.7248897
293,4-40708001,ATTP_4-40708001,Traunsee-Nord,1/1/2022,CNDP,106000,13.8032132,47.94207056
294,4-40833001,ATTP_4-40833001,Oberes Trattnachtal,1/1/2022,CNDP,4500,13.7075556,48.19071756
295,4-40809001,ATTP_4-40809001,Haag /Hausruck,1/1/2022,CNDP,4700,13.65351124,48.1919416
296,4-40811002,ATTP_4-40811002,Mittleres Trattnachtal,1/1/2022,CNDP,5625,13.73460947,48.22407777
297,4-40816001,ATTP_4-40816001,Natternbach-Neukirchen-Eschenau,1/1/2022,CNDP,6000,13.75402255,48.38460517
298,4-40806002,ATTP_4-40806002,Gaspoltshofen,1/1/2022,CNDP,6700,13.76495498,48.15594711
299,4-40818001,ATTP_4-40818001,Neumarkt /Hausruck,1/1/2022,CNDP,10750,13.73792798,48.27341652
300,4-40831002,ATTP_4-40831002,Aschachtal,1/1/2022,CNDP,25000,13.87061058,48.35500331
301,4-40913001,ATTP_4-40913001,Ried /Traunkreis,1/1/2022,CNDP,4000,14.06704886,48.05178067
302,4-40912001,ATTP_4-40912001,Pettenbach,1/1/2022,CNDP,4487,13.99654892,47.96316725
303,4-40920002,ATTP_4-40920002,Mittleres Steyrtal,1/1/2022,CNDP,5000,14.27516067,47.98079762
304,4-40909001,ATTP_4-40909001,Molln,1/1/2022,CNDP,8000,14.25531293,47.89407513
305,4-40903001,ATTP_4-40903001,Hinterstoder,1/1/2022,CNDP,9000,14.16507642,47.70882323
306,4-40923001,ATTP_4-40923001,Windischgarsten,1/1/2022,CNDP,16100,14.30197185,47.72271147
307,4-40922001,ATTP_4-40922001,Oberes Kremstal,1/1/2022,CNDP,45000,14.1181012,48.00600128
308,4-40912207,ATTP_4-40912207,Sauzipf,1/1/2022,CNDP,2155,13.99435868,47.94586649
309,4-41014001,ATTP_4-41014001,Unteres Kremstal,1/1/2022,CNDP,30000,14.22981124,48.15133705
310,4-41003001,ATTP_4-41003001,Asten - Regionalkläranlage,1/1/2022,CNDP,950000,14.41222692,48.23664993
311,4-41001001,ATTP_4-41001001,Allhaming,1/1/2022,CNDP,2500,14.18305371,48.15820091
312,4-41119001,ATTP_4-41119001,St. Georgen am Walde,1/1/2022,CNDP,2500,14.90498789,48.35019684
313,4-41125001,ATTP_4-41125001,Waldhausen,1/1/2022,CNDP,2500,14.95492719,48.26392155
314,4-41112001,ATTP_4-41112001,Mitterkirchen,1/1/2022,CNDP,2650,14.7126236,48.18037434
315,4-41108001,ATTP_4-41108001,Bad Kreuzen,1/1/2022,CNDP,3000,14.81841191,48.25325371
316,4-41115001,ATTP_4-41115001,Pabneukirchen,1/1/2022,CNDP,4000,14.81458924,48.31110181
317,4-41105004,ATTP_4-41105004,Grein,1/1/2022,CNDP,7500,14.87518905,48.23183853
318,4-41106001,ATTP_4-41106001,Mittlere Gusen Lungitz,1/1/2022,CNDP,9200,14.47593615,48.29347517
319,4-41123001,ATTP_4-41123001,Machland Ost Saxen,1/1/2022,CNDP,12700,14.80062759,48.19901135
320,4-41116001,ATTP_4-41116001,Perg,1/1/2022,CNDP,30000,14.64529401,48.23292581
321,4-41111001,ATTP_4-41111001,Mauthausen-Ost,1/1/2022,CNDP,39200,14.55712178,48.23392159
323,4-41221001,ATTP_4-41221001,Oberach,1/1/2022,CNDP,3600,13.48118367,48.16022895
325,4-41213001,ATTP_4-41213001,Kobernaußerwald,1/1/2022,CNDP,4800,13.41987072,48.15883486
326,4-41219001,ATTP_4-41219001,Untere Gurten,1/1/2022,CNDP,4950,13.34549092,48.33039227
327,4-41204001,ATTP_4-41204001,Eberschwang,1/1/2022,CNDP,8000,13.55786582,48.16712807
328,4-41220001,ATTP_4-41220001,Mittlere Antiesen,1/1/2022,CNDP,25000,13.4299911,48.3248558
329,4-41225001,ATTP_4-41225001,Ried und Umgebung,1/1/2022,CNDP,79700,13.4790917,48.22511996
330,4-41304001,ATTP_4-41304001,Altenfelden,1/1/2022,CNDP,2300,13.96466512,48.47381364
331,4-41337001,ATTP_4-41337001,St. Veit,1/1/2022,CNDP,2500,14.17773142,48.46760043
333,4-41318001,ATTP_4-41318001,Lembach,1/1/2022,CNDP,2800,13.90358624,48.49235346
334,4-41304002,ATTP_4-41304002,Kleines Mühltal,1/1/2022,CNDP,3000,13.93504192,48.49621096
335,4-41323001,ATTP_4-41323001,Niederwaldkirchen,1/1/2022,CNDP,3000,14.08985458,48.44592147
336,4-41338002,ATTP_4-41338002,Sarleinsbach,1/1/2022,CNDP,4000,13.92062122,48.53176579
337,4-41326001,ATTP_4-41326001,Peilstein Julbach,1/1/2022,CNDP,4170,13.90736171,48.60771121
338,4-41312002,ATTP_4-41312002,Niederranna Hofkirchen,1/1/2022,CNDP,5000,13.79824898,48.46732215
339,4-41342001,ATTP_4-41342001,Ulrichsberg,1/1/2022,CNDP,6700,13.92957498,48.66447297
340,4-41303001,ATTP_4-41303001,Aigen-Schlögl,1/1/2022,CNDP,9000,13.97493396,48.63282884
341,4-41307001,ATTP_4-41307001,Mühltal,1/1/2022,CNDP,42000,14.03291897,48.51684597
342,4-41411001,ATTP_4-41411001,Kopfing,1/1/2022,CNDP,2500,13.65394711,48.43612651
343,4-41409001,ATTP_4-41409001,Esternberg,1/1/2022,CNDP,3000,13.5692103,48.54088451
344,4-41407001,ATTP_4-41407001,Engelhartszell,1/1/2022,CNDP,3500,13.73963156,48.49602426
345,4-41414001,ATTP_4-41414001,Raab,1/1/2022,CNDP,3510,13.63221834,48.3552726
346,4-40822001,ATTP_4-40822001,Oberes Pramtal,1/1/2022,CNDP,3800,13.59151045,48.25438944
348,4-41425002,ATTP_4-41425002,Suben-St.Marienkirchen,1/1/2022,CNDP,5500,13.43528452,48.40731526
349,4-41402001,ATTP_4-41402001,Andorf,1/1/2022,CNDP,6850,13.57008577,48.38156594
350,4-41426001,ATTP_4-41426001,Pram-Pfudabach,1/1/2022,CNDP,8000,13.52000099,48.41264193
351,4-41430001,ATTP_4-41430001,Mittleres Pramtal,1/1/2022,CNDP,9500,13.62947892,48.31953583
352,4-41422001,ATTP_4-41422001,Schärding,1/1/2022,CNDP,27000,13.43464869,48.46439862
353,4-40201001,ATTP_4-40201001,Steyr und Umgebung,1/1/2022,CNDP,140000,14.43277767,48.06388899
354,4-41512002,ATTP_4-41512002,Reichraming,1/1/2022,CNDP,4200,14.44856855,47.90576185
355,4-41509003,ATTP_4-41509003,Losenstein,1/1/2022,CNDP,4310,14.39523871,47.93058626
356,4-41507001,ATTP_4-41507001,Großraming,1/1/2022,CNDP,4550,14.54098798,47.88376091
357,4-41517001,ATTP_4-41517001,Ternberg,1/1/2022,CNDP,4900,14.35872299,47.95123717
358,4-41505001,ATTP_4-41505001,Gaflenztal,1/1/2022,CNDP,9600,14.64318002,47.85274163
359,4-41503001,ATTP_4-41503001,Kurbezirk Bad Hall,1/1/2022,CNDP,22000,14.20535248,48.04901685
360,4-41622001,ATTP_4-41622001,Schenkenfelden,1/1/2022,CNDP,2300,14.36279057,48.51325925
361,4-41619002,ATTP_4-41619002,Reichenau,1/1/2022,CNDP,2567,14.36223742,48.44821661
362,4-41627001,ATTP_4-41627001,Mittleres Rodltal,1/1/2022,CNDP,5500,14.26711917,48.4590779
363,4-41620001,ATTP_4-41620001,Reichenthal,1/1/2022,CNDP,7000,14.39467949,48.54238201
364,4-41603002,ATTP_4-41603002,Bad Leonfelden,1/1/2022,CNDP,10000,14.30129461,48.49420187
365,4-41605001,ATTP_4-41605001,Gallneukirchner Becken,1/1/2022,CNDP,22838,14.45086241,48.34113677
366,4-41701001,ATTP_4-41701001,Ampflwang,1/1/2022,CNDP,6600,13.56990925,48.06927797
367,4-41726001,ATTP_4-41726001,Pöndorf,1/1/2022,CNDP,7850,13.3851246,47.9870558
368,4-41710001,ATTP_4-41710001,Frankenmarkt,1/1/2022,CNDP,21700,13.44850043,47.98770503
369,4-41715001,ATTP_4-41715001,Mondsee-Irrsee,1/1/2022,CNDP,25360,13.35474986,47.83829371
370,4-41738002,ATTP_4-41738002,Schwanenstadt,1/1/2022,CNDP,50000,13.79242984,48.05504443
371,4-41713002,ATTP_4-41713002,Attersee,1/1/2022,CNDP,65000,13.60823137,47.96817681
372,4-41711001,ATTP_4-41711001,Vöckla - Redl,1/1/2022,CNDP,70000,13.53376877,48.02112862
373,4-41703001,ATTP_4-41703001,Ager-West,1/1/2022,CNDP,76000,13.74657307,48.0154067
374,4-41814001,ATTP_4-41814001,Offenhausen,1/1/2022,CNDP,2000,13.8521349,48.15831914
375,4-41819001,ATTP_4-41819001,Sipbachzell,1/1/2022,CNDP,2300,14.12483479,48.1085585
376,4-41811001,ATTP_4-41811001,Raum Lambach,1/1/2022,CNDP,47500,13.92210438,48.09434717
377,4-41812001,ATTP_4-41812001,Welser Heide,1/1/2022,CNDP,160000,14.13749989,48.18222233
378,5-A1651440R143,ATTP_5-A1651440R143,ARA Rußbach,1/1/2022,CNDP,2400,13.44860856,47.58265261
379,5-A1651372R143,ATTP_5-A1651372R143,ARA Annaberg,1/1/2022,CNDP,5700,13.42230475,47.53706534
380,5-A1651838R143,ATTP_5-A1651838R143,ARA Abtenau,1/1/2022,CNDP,12088,13.32054266,47.59206727
381,5-A1651310R143,ATTP_5-A1651310R143,ARA Tennengau-Süd-Kuchl,1/1/2022,CNDP,32000,13.122223,47.65417415
382,5-A1705398R154,ATTP_5-A1705398R154,ARA Faistenau,1/1/2022,CNDP,6750,13.2302072,47.75906985
383,5-A1698988R154,ATTP_5-A1698988R154,ARA Wallersee-Nord-Neumarkt,1/1/2022,CNDP,15000,13.20789757,47.94365097
384,5-A1703863R154,ATTP_5-A1703863R154,ARA Fuschlsee-Thalgau,1/1/2022,CNDP,23500,13.27430489,47.83784084
385,5-A1700495R154,ATTP_5-A1700495R154,ARA Pladenbach,1/1/2022,CNDP,30000,12.87014923,47.99286937
386,5-A1700419R154,ATTP_5-A1700419R154,ARA Wallersee-Süd-Seekirchen,1/1/2022,CNDP,35000,13.12055052,47.88506901
387,5-A1700239R154,ATTP_5-A1700239R154,ARA Trumerseen,1/1/2022,CNDP,40000,13.08645124,47.98117102
388,5-A1699622R154,ATTP_5-A1699622R154,ARA Siggerwiesen,1/1/2022,CNDP,680000,13.00252397,47.85974426
389,5-A1781451R157,ATTP_5-A1781451R157,ARA Tenneck-Werfen,1/1/2022,CNDP,2000,13.17341715,47.50157379
390,5-A1753932R157,ATTP_5-A1753932R157,ARA Werfen,1/1/2022,CNDP,4000,13.19208197,47.48213391
391,5-A1780441R157,ATTP_5-A1780441R157,ARA Mühlbach,1/1/2022,CNDP,9000,13.14966157,47.38056394
392,5-A1779204R157,ATTP_5-A1779204R157,ARA Filzmoos,1/1/2022,CNDP,10000,13.53180056,47.42935558
393,5-A1781001R157,ATTP_5-A1781001R157,ARA Fritztal-Hüttau,1/1/2022,CNDP,14000,13.29673649,47.42188593
394,5-A1779078R157,ATTP_5-A1779078R157,ARA Großarlertal,1/1/2022,CNDP,18000,13.21705644,47.27989487
395,5-A1780627R157,ATTP_5-A1780627R157,ARA Gasteinertal,1/1/2022,CNDP,60000,13.0804218,47.26483816
396,5-A1779244R157,ATTP_5-A1779244R157,ARA Salzach-Pongau,1/1/2022,CNDP,125000,13.210861,47.43861121
397,5-A1777733R157,ATTP_5-A1777733R157,ARA Salzburger Ennstal,1/1/2022,CNDP,125000,13.49537471,47.38699737
398,5-A1804777R161,ATTP_5-A1804777R161,ARA Ramingstein,1/1/2022,CNDP,2000,13.88889689,47.06707068
399,5-A1805835R161,ATTP_5-A1805835R161,ARA St.Michael i.Lg.,1/1/2022,CNDP,25000,13.64676179,47.09287406
400,5-A2444685,ATTP_5-A2444685,ARA Zentralraum Lungau,1/1/2022,CNDP,32000,13.81427035,47.11791025
401,5-A1846663R161,ATTP_5-A1846663R161,ARA Embach-Lend,1/1/2022,CNDP,3300,13.03335923,47.30004013
402,5-A1846069R161,ATTP_5-A1846069R161,ARA Dienten,1/1/2022,CNDP,7000,12.99887063,47.37310938
403,5-A1841691R161,ATTP_5-A1841691R161,ARA Rauris,1/1/2022,CNDP,10500,12.9863346,47.25111954
404,5-A1843680R161,ATTP_5-A1843680R161,ARA Saalachtal-Unken,1/1/2022,CNDP,24500,12.75379954,47.66354581
405,5-A1848116R161,ATTP_5-A1848116R161,ARA Unterpinzgau-Bruck,1/1/2022,CNDP,25000,12.86723873,47.28280469
406,5-A1844700R161,ATTP_5-A1844700R161,ARA Oberpinzgau Mitte-Niedernsill,1/1/2022,CNDP,27000,12.66766376,47.28148859
407,5-A1842420R161,ATTP_5-A1842420R161,"ARA Bramberg, Oberpinzgau West",1/1/2022,CNDP,40000,12.39671828,47.27936024
408,5-A1824831R161,ATTP_5-A1824831R161,ARA Saalbach,1/1/2022,CNDP,49000,12.69242236,47.37182342
409,5-A1844668R161,ATTP_5-A1844668R161,ARA Zeller Becken,1/1/2022,CNDP,70000,12.79125793,47.28308042
410,5-A1836862R161,ATTP_5-A1836862R161,ARA Saalachtal-Saalfelden,1/1/2022,CNDP,130000,12.82664353,47.46321672
411,6-M3666051R0,ATTP_6-M3666051R0,Pernegg,1/1/2022,CNDP,2800,15.34359884,47.3531262
412,6-M3616096R0,ATTP_6-M3616096R0,Breitenau,1/1/2022,CNDP,3190,15.41033571,47.38431341
413,6-M3603222R0,ATTP_6-M3603222R0,Turnau,1/1/2022,CNDP,4000,15.32695826,47.55118238
415,6-M3616874R0,ATTP_6-M3616874R0,Mariazell,1/1/2022,CNDP,11000,15.30674681,47.76108114
416,6-M3646738R0,ATTP_6-M3646738R0,St.Marein/Mürz-III,1/1/2022,CNDP,26000,15.36050007,47.46955932
417,6-M3586337R0,ATTP_6-M3586337R0,Bruck,1/1/2022,CNDP,36000,15.28607575,47.39398548
418,6-M3647058R0,ATTP_6-M3647058R0,Kapfenberg/Mürz-IV,1/1/2022,CNDP,49000,15.27132738,47.42969532
419,6-M3456527R0,ATTP_6-M3456527R0,Hollenegg,1/1/2022,CNDP,2500,15.25099033,46.77983
420,6-M3750941R0,ATTP_6-M3750941R0,Krottendorf-Preding,1/1/2022,CNDP,3000,15.65659839,47.18978355
421,6-M3456512R0,ATTP_6-M3456512R0,Schwanberg,1/1/2022,CNDP,4200,15.22242871,46.75993838
422,6-M3306173R0,ATTP_6-M3306173R0,Wies,1/1/2022,CNDP,5000,15.28005424,46.72103386
423,6-M3456540R0,ATTP_6-M3456540R0,Sulmeck-Greith-Gasselsdorf,1/1/2022,CNDP,6500,15.33642445,46.73473828
424,6-M3455849R0,ATTP_6-M3455849R0,Pitschgau-Eibiswald,1/1/2022,CNDP,7520,15.29429479,46.70196055
425,6-M3446308R0,ATTP_6-M3446308R0,Zehndorf,1/1/2022,CNDP,17000,15.41774241,46.84376413
426,6-M3384279R0,ATTP_6-M3384279R0,Stainz,1/1/2022,CNDP,20500,15.28814771,46.88565335
427,6-M3444791R0,ATTP_6-M3444791R0,Frauental,1/1/2022,CNDP,22000,15.27145493,46.82864944
428,6-M3311117R0,ATTP_6-M3311117R0,Hainersdorf,1/1/2022,CNDP,2000,15.97360767,47.09182251
429,6-M3756860R0,ATTP_6-M3756860R0,Grosssteinbach,1/1/2022,CNDP,6800,15.88849788,47.14268055
430,6-M3474844R0,ATTP_6-M3474844R0,Fürstenfeld,1/1/2022,CNDP,38000,16.09949862,47.04451682
431,6-M3389274R0,ATTP_6-M3389274R0,Zwaring-Pöls,1/1/2022,CNDP,2000,15.40596341,46.90324436
432,6-M3570835R0,ATTP_6-M3570835R0,St.Radegund,1/1/2022,CNDP,2500,15.50372658,47.16585458
433,6-M3546306R0,ATTP_6-M3546306R0,Übelbach,1/1/2022,CNDP,2600,15.26324466,47.21726855
434,6-M3583228R0,ATTP_6-M3583228R0,Semriach,1/1/2022,CNDP,3000,15.38664928,47.22537446
435,6-M3458723R0,ATTP_6-M3458723R0,Deutschfeistritz-Kleinstübin,1/1/2022,CNDP,4500,15.32284352,47.17655332
436,6-M3445287R0,ATTP_6-M3445287R0,Dobl-Muttendorf,1/1/2022,CNDP,10000,15.37124447,46.93903032
437,6-M3507571R0,ATTP_6-M3507571R0,Lieboch,1/1/2022,CNDP,12000,15.34553013,46.96388254
438,6-M3232571R0,ATTP_6-M3232571R0,Hitzendorf,1/1/2022,CNDP,14000,15.3040094,47.02696034
439,6-M3263261R0,ATTP_6-M3263261R0,Frohnleiten,1/1/2022,CNDP,28000,15.31531449,47.25590487
440,6-M3489301R0,ATTP_6-M3489301R0,Graz-Gössendorf,1/1/2022,CNDP,500000,15.47202768,46.996389
441,6-M3631054R0,ATTP_6-M3631054R0,Gratkorn,1/1/2022,CNDP,533000,15.34165281,47.12378934
442,6-M3225478R0,ATTP_6-M3225478R0,Rohr bei Hartberg,1/1/2022,CNDP,2000,16.06076705,47.23605722
443,6-M3414195R0,ATTP_6-M3414195R0,Neudau,1/1/2022,CNDP,2200,16.0986483,47.16462227
444,6-M3747700R0,ATTP_6-M3747700R0,Wechselland-Mönichwald,1/1/2022,CNDP,2573,15.92170549,47.43526015
445,6-M3321596R0,ATTP_6-M3321596R0,Grafendorf,1/1/2022,CNDP,2600,15.99689527,47.33546792
446,6-M3559298R0,ATTP_6-M3559298R0,St.Johann i.d. Haide,1/1/2022,CNDP,3000,16.03833207,47.2746861
447,6-M4222741,ATTP_6-M4222741,Friedberg-Ehrenschachen,1/1/2022,CNDP,3500,16.05015444,47.39615237
448,6-M3309033R0,ATTP_6-M3309033R0,Tauchental,1/1/2022,CNDP,4500,16.06347899,47.47339116
449,6-M3326085R0,ATTP_6-M3326085R0,Stubenberg,1/1/2022,CNDP,5500,15.79668753,47.23678183
450,6-M3586829R0,ATTP_6-M3586829R0,Vorau,1/1/2022,CNDP,7000,15.90582307,47.39808056
451,6-M3283419R0,ATTP_6-M3283419R0,Bad Waltersdorf-Leitersdorf,1/1/2022,CNDP,7000,16.03383935,47.1484533
452,6-M3411539R0,ATTP_6-M3411539R0,Kaindorf-RHV,1/1/2022,CNDP,7500,15.91042279,47.21488522
453,6-M3634931R0,ATTP_6-M3634931R0,Lafnitz-Rohrbach,1/1/2022,CNDP,8000,16.02845426,47.35612206
454,6-M3235303R0,ATTP_6-M3235303R0,Pöllau-VKA,1/1/2022,CNDP,9000,15.84712668,47.28509187
455,6-M3283441R0,ATTP_6-M3283441R0,Sebersdorf,1/1/2022,CNDP,10000,16.00127404,47.18237208
458,6-M3474261R0,ATTP_6-M3474261R0,Obdach,1/1/2022,CNDP,4950,14.69076122,47.08122388
459,6-M3675325R0,ATTP_6-M3675325R0,Fohnsdorf,1/1/2022,CNDP,11000,14.68870589,47.18952979
460,6-M3751070R0,ATTP_6-M3751070R0,Judenburg,1/1/2022,CNDP,25000,14.67377297,47.17034407
461,6-M3641482R0,ATTP_6-M3641482R0,RHV Pöls,1/1/2022,CNDP,199667,14.59661101,47.21783344
462,6-M3685913R0,ATTP_6-M3685913R0,Zeltweg,1/1/2022,CNDP,30000,14.75935174,47.18768132
463,6-M4274145,ATTP_6-M4274145,Knittelfeld,1/1/2022,CNDP,70000,14.8436427,47.22113308
464,6-M3222661R0,ATTP_6-M3222661R0,Pistorf,1/1/2022,CNDP,2000,15.40027454,46.75909643
465,6-M3343233R0,ATTP_6-M3343233R0,Heimschuh,1/1/2022,CNDP,2323,15.49739549,46.75919915
467,6-M3461536R0,ATTP_6-M3461536R0,Leutschach,1/1/2022,CNDP,2500,15.45622024,46.66663672
468,6-M3710516R0,ATTP_6-M3710516R0,Kitzeck-Fresing,1/1/2022,CNDP,2850,15.45579918,46.76669303
469,6-M3284162R0,ATTP_6-M3284162R0,Gleinstätten,1/1/2022,CNDP,3500,15.37408217,46.75502094
471,6-M3728231R0,ATTP_6-M3728231R0,Lebring-St.Margarethen,1/1/2022,CNDP,7000,15.55078178,46.84397453
472,6-M3728315R0,ATTP_6-M3728315R0,Gralla,1/1/2022,CNDP,8000,15.58021168,46.81608008
473,6-M3230905R0,ATTP_6-M3230905R0,St.Johann im Saggautal,1/1/2022,CNDP,10000,15.41319637,46.72529343
474,6-M3358117R0,ATTP_6-M3358117R0,Strass,1/1/2022,CNDP,39000,15.62449812,46.7173896
476,6-M3223510R0,ATTP_6-M3223510R0,Wildon,1/1/2022,CNDP,120000,15.5304999,46.87902788
479,6-M3426844R0,ATTP_6-M3426844R0,Kalwang,1/1/2022,CNDP,5000,14.76449886,47.41796829
480,6-M3410748R0,ATTP_6-M3410748R0,Eisenerz,1/1/2022,CNDP,12000,14.85405049,47.56625425
481,6-M3290534R0,ATTP_6-M3290534R0,Trofaiach,1/1/2022,CNDP,21000,15.02003737,47.41398764
482,6-M3406862R0,ATTP_6-M3406862R0,St.Michael,1/1/2022,CNDP,23000,15.0320719,47.33727146
483,6-M3409760R0,ATTP_6-M3409760R0,Leoben,1/1/2022,CNDP,90000,15.10646252,47.38727448
484,6-M3228013R0,ATTP_6-M3228013R0,Ardning,1/1/2022,CNDP,2000,14.39735979,47.5823291
486,6-M3227906R0,ATTP_6-M3227906R0,Lassing,1/1/2022,CNDP,2400,14.20693015,47.55508215
487,6-M3674619R0,ATTP_6-M3674619R0,St.Martin am Grimming,1/1/2022,CNDP,2600,13.97974892,47.48388861
488,6-M3673679R0,ATTP_6-M3673679R0,Stein a. d. Enns,1/1/2022,CNDP,3070,13.94598461,47.44757996
489,6-M3673847R0,ATTP_6-M3673847R0,Niederöblarn,1/1/2022,CNDP,3125,14.01599817,47.48750733
490,6-M3746456R0,ATTP_6-M3746456R0,Selzthal,1/1/2022,CNDP,3400,14.31875563,47.55777673
492,6-M3269884R0,ATTP_6-M3269884R0,Tauplitz-Klachau,1/1/2022,CNDP,4000,14.02008876,47.54488506
493,6-M3317790R0,ATTP_6-M3317790R0,Irdning,1/1/2022,CNDP,4000,14.09325055,47.50590094
494,6-M3634637R0,ATTP_6-M3634637R0,Stainach,1/1/2022,CNDP,4250,14.11696422,47.53049422
495,6-M3464616R0,ATTP_6-M3464616R0,Haus,1/1/2022,CNDP,5400,13.7725545,47.41433604
496,6-M3222800R0,ATTP_6-M3222800R0,Aigen im Ennstal,1/1/2022,CNDP,6000,14.14604086,47.54426024
497,6-M3318866R0,ATTP_6-M3318866R0,Altenmarkt bei St. Gallen,1/1/2022,CNDP,7500,14.63695816,47.71413915
498,6-M3589961R0,ATTP_6-M3589961R0,Trieben,1/1/2022,CNDP,8500,14.4706924,47.4977118
499,6-M3670920R0,ATTP_6-M3670920R0,Gröbming-Ennsboden,1/1/2022,CNDP,9000,13.92003978,47.43636531
500,6-M3341478R0,ATTP_6-M3341478R0,Hall/Admont,1/1/2022,CNDP,9000,14.46810607,47.58092417
501,6-M3273368R0,ATTP_6-M3273368R0,Bad Mitterndorf,1/1/2022,CNDP,9400,13.92183682,47.54692536
502,6-M3336492R0,ATTP_6-M3336492R0,Rottenmann,1/1/2022,CNDP,11000,14.31910866,47.53110664
503,6-M3776783R0,ATTP_6-M3776783R0,Ramsau,1/1/2022,CNDP,12550,13.68264011,47.41968234
504,6-M3327097R0,ATTP_6-M3327097R0,Pichl-Preunegg,1/1/2022,CNDP,14000,13.58848382,47.39567684
505,6-M3226627R0,ATTP_6-M3226627R0,Liezen,1/1/2022,CNDP,14000,14.25915455,47.55690989
506,6-M3691867R0,ATTP_6-M3691867R0,Bad Aussee,1/1/2022,CNDP,25000,13.75865944,47.60167583
507,6-M3517936R0,ATTP_6-M3517936R0,Schladming,1/1/2022,CNDP,31000,13.7038526,47.39792018
508,6-M3734040R0,ATTP_6-M3734040R0,Stadl an der Mur,1/1/2022,CNDP,2500,13.99322763,47.0895436
509,6-M3535322R0,ATTP_6-M3535322R0,Oberwölz,1/1/2022,CNDP,2800,14.28171097,47.19661305
511,6-M3761111R0,ATTP_6-M3761111R0,Scheifling,1/1/2022,CNDP,3200,14.40428667,47.15657136
512,6-M3523396R0,ATTP_6-M3523396R0,St.Georgen ob Murau-St.,1/1/2022,CNDP,4000,14.10244183,47.10190367
513,6-M3749856R0,ATTP_6-M3749856R0,Frojach-Katsch,1/1/2022,CNDP,4900,14.30751047,47.13817527
514,6-M3520257R0,ATTP_6-M3520257R0,Neumarkt,1/1/2022,CNDP,8000,14.43130689,47.06110488
515,6-M3699458R0,ATTP_6-M3699458R0,Murau,1/1/2022,CNDP,22000,14.19044519,47.10827081
516,6-M3449658R0,ATTP_6-M3449658R0,Wartberg/Mürz-II,1/1/2022,CNDP,17000,15.46562903,47.52405935
517,6-M3450226R0,ATTP_6-M3450226R0,Langenwang/Mürz-I,1/1/2022,CNDP,24000,15.60828868,47.56044054
519,6-M3616138R0,ATTP_6-M3616138R0,Riegersburg,1/1/2022,CNDP,2000,15.93695989,46.99474891
520,6-M3625481R0,ATTP_6-M3625481R0,Halbenrain,1/1/2022,CNDP,2150,15.94791056,46.71832207
522,6-M3322110R0,ATTP_6-M3322110R0,Straden-Wieden,1/1/2022,CNDP,2300,15.85050213,46.78513752
523,6-M3605321R0,ATTP_6-M3605321R0,St.Peter am Ottersbach,1/1/2022,CNDP,2400,15.76518869,46.79626021
524,6-M3398821R0,ATTP_6-M3398821R0,Klöch-Pölten,1/1/2022,CNDP,2500,15.98504806,46.74162853
525,6-M3228214R0,ATTP_6-M3228214R0,Murfeld-Weitersfeld,1/1/2022,CNDP,2500,15.73992598,46.70054705
526,6-M3317687R0,ATTP_6-M3317687R0,Tieschen,1/1/2022,CNDP,2600,15.93789723,46.7856235
527,6-M3320064R0,ATTP_6-M3320064R0,Hatzendorf,1/1/2022,CNDP,2700,16.01066246,46.9724049
528,6-M3395181R0,ATTP_6-M3395181R0,Straden-Puxa,1/1/2022,CNDP,3100,15.88780044,46.78681081
529,6-M3247897R0,ATTP_6-M3247897R0,Gosdorf,1/1/2022,CNDP,4000,15.84372165,46.72453529
530,6-M3790768R0,ATTP_6-M3790768R0,Mureck,1/1/2022,CNDP,4200,15.78690146,46.70868375
531,6-M3660561R0,ATTP_6-M3660561R0,Kirchbach,1/1/2022,CNDP,4700,15.67992732,46.906995
532,6-M3532431R0,ATTP_6-M3532431R0,St.Stefan im Rosental,1/1/2022,CNDP,6300,15.7197194,46.89606437
533,6-M3231297R0,ATTP_6-M3231297R0,Gnas,1/1/2022,CNDP,7000,15.82547132,46.8549122
534,6-M3680278R0,ATTP_6-M3680278R0,Fehring,1/1/2022,CNDP,11000,16.01720444,46.94376885
535,6-M3448019R0,ATTP_6-M3448019R0,Fladnitz im Raabtal,1/1/2022,CNDP,12000,15.79888498,46.98165209
536,6-M3343322R0,ATTP_6-M3343322R0,Bad Radkersburg,1/1/2022,CNDP,16000,16.00575881,46.6838754
538,6-M3710856R0,ATTP_6-M3710856R0,Feldbach-Raabau,1/1/2022,CNDP,35000,15.92607226,46.95297402
539,6-M4343579,ATTP_6-M4343579,Köflach-Gradnerbachtal,1/1/2022,CNDP,25000,15.09724364,47.06252003
540,6-M3690570R0,ATTP_6-M3690570R0,Voitsberg,1/1/2022,CNDP,32000,15.18534427,47.03052336
541,6-M3679960R0,ATTP_6-M3679960R0,Söding,1/1/2022,CNDP,38000,15.29094743,46.99037562
543,6-M3338885R0,ATTP_6-M3338885R0,Pischelsdorf,1/1/2022,CNDP,2660,15.81734868,47.16837476
544,6-M3770058R0,ATTP_6-M3770058R0,St.Kathrein am Offenegg,1/1/2022,CNDP,3100,15.5626892,47.29089536
546,6-M3750988R0,ATTP_6-M3750988R0,Ratten,1/1/2022,CNDP,4000,15.70756628,47.46586516
547,6-M3231731R0,ATTP_6-M3231731R0,Hartmannsdorf,1/1/2022,CNDP,4500,15.84922756,47.04992633
548,6-M3192786R0,ATTP_6-M3192786R0,Ilztal,1/1/2022,CNDP,5000,15.79083145,47.13836294
549,6-M3719878R0,ATTP_6-M3719878R0,Sinabelkirchen,1/1/2022,CNDP,6250,15.83219271,47.0975125
550,6-M4321937,ATTP_6-M4321937,Birkfeld,1/1/2022,CNDP,7500,15.69790671,47.3504828
551,6-M3292250R0,ATTP_6-M3292250R0,Unterfeistritz,1/1/2022,CNDP,8000,15.74072238,47.2396919
552,6-M3740483R0,ATTP_6-M3740483R0,St.Ruprecht an der Raab,1/1/2022,CNDP,8000,15.66937114,47.14298291
553,6-M3230038R0,ATTP_6-M3230038R0,Passail,1/1/2022,CNDP,11000,15.50376942,47.25793453
554,6-M3255142R0,ATTP_6-M3255142R0,Weiz,1/1/2022,CNDP,30000,15.63420608,47.20642336
555,6-M3407477R0,ATTP_6-M3407477R0,Gleisdorf,1/1/2022,CNDP,32000,15.71318136,47.09307864
556,7-7208605,ATTP_7-7208605,Längenfeld,1/1/2022,CNDP,20000,10.95417659,47.10546906
557,7-7218603,ATTP_7-7218603,Sautens,1/1/2022,CNDP,20200,10.86234026,47.2150659
558,7-7224609,ATTP_7-7224609,Wenns,1/1/2022,CNDP,27500,10.74012954,47.1735476
559,7-7221602,ATTP_7-7221602,Stams,1/1/2022,CNDP,41000,10.98824012,47.2848931
560,7-7203601,ATTP_7-7203601,Imst,1/1/2022,CNDP,46000,10.75098853,47.21923873
561,7-7220607,ATTP_7-7220607,Sölden,1/1/2022,CNDP,75000,11.01245536,46.99171472
562,7-7330305,ATTP_7-7330305,Mühlbachl,1/1/2022,CNDP,10000,11.4526904,47.13993779
563,7-7355306,ATTP_7-7355306,Steinach,1/1/2022,CNDP,20000,11.46602396,47.09823596
564,7-7351308,ATTP_7-7351308,Seefeld,1/1/2022,CNDP,26000,11.19715183,47.34141919
565,7-7356304,ATTP_7-7356304,Stubaital,1/1/2022,CNDP,40000,11.36132854,47.15915873
566,7-7357321,ATTP_7-7357321,Telfs,1/1/2022,CNDP,40000,11.11126484,47.31230166
567,7-7369303,ATTP_7-7369303,Zirl,1/1/2022,CNDP,91000,11.28892771,47.26491503
568,7-7309302,ATTP_7-7309302,Fritzens,1/1/2022,CNDP,120000,11.60852766,47.30511121
569,7-7101301,ATTP_7-7101301,Innsbruck,1/1/2022,CNDP,400000,11.44658639,47.26366609
570,7-7529109,ATTP_7-7529109,Walchsee,1/1/2022,CNDP,14850,12.34685277,47.64974826
571,7-7419207,ATTP_7-7419207,Waidring,1/1/2022,CNDP,15100,12.60059136,47.58570673
572,7-7403201,ATTP_7-7403201,Fieberbrunn,1/1/2022,CNDP,19000,12.49187368,47.49628481
573,7-7412203,ATTP_7-7412203,Kössen,1/1/2022,CNDP,21000,12.39671594,47.67495119
574,7-7420206,ATTP_7-7420206,Westendorf,1/1/2022,CNDP,28000,12.1926552,47.43522429
575,7-7404205,ATTP_7-7404205,Going,1/1/2022,CNDP,39470,12.36762052,47.51885475
576,7-7411204,ATTP_7-7411204,Kitzbühel,1/1/2022,CNDP,46550,12.38412449,47.46466331
577,7-7410202,ATTP_7-7410202,Kirchdorf,1/1/2022,CNDP,70000,12.47369884,47.59566241
578,7-7518105,ATTP_7-7518105,Niederndorf,1/1/2022,CNDP,18000,12.1987725,47.6440352
579,7-7526104,ATTP_7-7526104,Söll,1/1/2022,CNDP,35000,12.19719132,47.51980754
580,7-7520101,ATTP_7-7520101,Radfeld,1/1/2022,CNDP,40000,11.93179374,47.45866447
581,7-7513103,ATTP_7-7513103,Kufstein,1/1/2022,CNDP,60000,12.1879538,47.60395255
582,7-7511102,ATTP_7-7511102,Kirchbichl,1/1/2022,CNDP,100000,12.10864809,47.53485973
583,7-7604508,ATTP_7-7604508,Fließ,1/1/2022,CNDP,5000,10.5818729,47.12513254
584,7-7615507,ATTP_7-7615507,Nauders,1/1/2022,CNDP,10000,10.49614514,46.90727121
585,7-7623505,ATTP_7-7623505,See,1/1/2022,CNDP,16137,10.47844277,47.09190112
586,7-7629506,ATTP_7-7629506,Tösens,1/1/2022,CNDP,20500,10.62933452,47.03592355
587,7-7619503,ATTP_7-7619503,Prutz,1/1/2022,CNDP,28000,10.66800578,47.09201623
588,7-7630501,ATTP_7-7630501,Zams,1/1/2022,CNDP,33000,10.59582686,47.16848813
589,7-7605502,ATTP_7-7605502,Flirsch,1/1/2022,CNDP,38000,10.42178038,47.13435492
590,7-7608504,ATTP_7-7608504,Ischgl,1/1/2022,CNDP,50000,10.30780398,47.02476457
591,7-7721706,ATTP_7-7721706,Obertilliach,1/1/2022,CNDP,2200,12.63273254,46.70019039
593,7-7724703,ATTP_7-7724703,St. Jakob i.D.,1/1/2022,CNDP,5000,12.3694042,46.91533215
594,7-7704702,ATTP_7-7704702,Anras,1/1/2022,CNDP,14000,12.56664293,46.76257917
595,7-7717704,ATTP_7-7717704,Huben,1/1/2022,CNDP,37000,12.59250607,46.92317384
596,7-7707701,ATTP_7-7707701,Dölsach,1/1/2022,CNDP,56800,12.83619801,46.81330143
597,7-7818408,ATTP_7-7818408,Jungholz,1/1/2022,CNDP,3200,10.43004885,47.57753283
598,7-7830402,ATTP_7-7830402,Stanzach,1/1/2022,CNDP,19000,10.57536272,47.39706512
599,7-7829403,ATTP_7-7829403,Schattwald,1/1/2022,CNDP,20100,10.45277742,47.52425268
600,7-7807404,ATTP_7-7807404,Ehrwald,1/1/2022,CNDP,24500,10.91842339,47.42221612
601,7-7833401,ATTP_7-7833401,Vils,1/1/2022,CNDP,71670,10.65813941,47.5537745
602,7-7926110,ATTP_7-7926110,Schwaz,1/1/2022,CNDP,85000,11.72564382,47.36259702
603,7-7930111,ATTP_7-7930111,Strass,1/1/2022,CNDP,167000,11.83536076,47.40261941
606,8-Lech,ATTP_8-Lech,Lech,1/1/2022,CNDP,50000,10.15295503,47.21939737
607,8-Montafon,ATTP_8-Montafon,Montafon,1/1/2022,CNDP,62500,9.856111176,47.11690138
608,8-Ludesch,ATTP_8-Ludesch,Ludesch,1/1/2022,CNDP,127000,9.770110991,47.17461121
615,8-Boedmen,ATTP_8-Boedmen,Bödmen,1/1/2022,CNDP,6225,10.152225,47.31556582
616,8-Warth,ATTP_8-Warth,Warth,1/1/2022,CNDP,8600,10.18999384,47.26045201
617,8-Alberschwende,ATTP_8-Alberschwende,Alberschwende,1/1/2022,CNDP,9200,9.811738967,47.44910573
618,8-Rotachtal,ATTP_8-Rotachtal,Rotachtal,1/1/2022,CNDP,16400,9.861603709,47.5143212
619,8-Riezlern,ATTP_8-Riezlern,Riezlern,1/1/2022,CNDP,22200,10.18034983,47.35823345
620,8-Bezau,ATTP_8-Bezau,Bezau,1/1/2022,CNDP,37750,9.883795703,47.38636947
621,8-Leiblachtal,ATTP_8-Leiblachtal,Leiblachtal,1/1/2022,CNDP,41500,9.736592537,47.53316518
622,8-Egg,ATTP_8-Egg,Egg,1/1/2022,CNDP,42300,9.893622365,47.43387343
623,8-Bregenz,ATTP_8-Bregenz,Bregenz,1/1/2022,CNDP,75000,9.706695471,47.50452607
624,8-Hofsteig,ATTP_8-Hofsteig,Hofsteig,1/1/2022,CNDP,271600,9.676527656,47.48594454
625,8-Dornbirn,ATTP_8-Dornbirn,Dornbirn,1/1/2022,CNDP,150000,9.725916546,47.43169454
626,8-Hohenems,ATTP_8-Hohenems,Hohenems,1/1/2022,CNDP,170000,9.663055434,47.36555565
628,8-Vorderland,ATTP_8-Vorderland,Vorderland,1/1/2022,CNDP,27000,9.617421558,47.30866398
629,8-Walgau,ATTP_8-Walgau,Walgau,1/1/2022,CNDP,56250,9.655834067,47.22296306
630,8-Meiningen,ATTP_8-Meiningen,Meiningen,1/1/2022,CNDP,380000,9.589722101,47.3085001
631,9-ebswien,ATTP_9-ebswien,Hauptkläranlage Wien,1/1/2022,CNDP,4000000,16.46526508,48.17226664
475,6-M3453257R0,ATTP_6-M3453257R0,Wagna-Leibnitz,1/1/2022,CNDP+MF,50000,15.56878587,46.76461067
456,6-M3400230R0,ATTP_6-M3400230R0,Hartberg,1/1/2022,CNDP+SF,75000,15.979658,47.27102585
470,6-M3280413R0,ATTP_6-M3280413R0,Heiligenkreuz am Waasen,1/1/2022,CNDP+SF,7000,15.59076362,46.95247504
537,6-M3756265R0,ATTP_6-M3756265R0,Bad Gleichenberg-Neu,1/1/2022,CNDP+SF,17500,15.89561165,46.84529695
542,6-M3669430R0,ATTP_6-M3669430R0,Thannhausen Oberfladnitz,1/1/2022,CNDP+SF,2500,15.64862646,47.21671661
12,1-00000013,ATTP_1-00000013,Frauenkirchen,1/1/2022,CNDP+UV,7250,16.92260435,47.82689446
16,1-00000051,ATTP_1-00000051,Podersdorf,1/1/2022,CNDP+UV,20000,16.83920368,47.8637022
10,1-00000110,ATTP_1-00000110,Tadten,1/1/2022,CNDP+UV+SF,3000,17.0028413,47.76481125
79,3-141,ATTP_3-141,ARA Ardagger-Markt,1/1/2022,CNP,4500,14.83106977,48.18641997
98,3-275,ATTP_3-275,ARA Au am Leithaberge,1/1/2022,CNP,2750,16.55344049,47.93304389
99,3-194,ATTP_3-194,ARA Petronell-Carnuntum,1/1/2022,CNP,3000,16.86540898,48.1169075
100,3-1608,ATTP_3-1608,ARA Prellenkirchen - Potzneusiedl,1/1/2022,CNP,3300,16.95509585,48.04644203
104,3-167,ATTP_3-167,ARA Untersiebenbrunn,1/1/2022,CNP,2000,16.7608952,48.24821141
106,3-720,ATTP_3-720,ARA Eckartsau,1/1/2022,CNP,2200,16.78709049,48.14047347
107,3-219,ATTP_3-219,ARA Obersiebenbrunn,1/1/2022,CNP,2500,16.72319084,48.26501436
110,3-135,ATTP_3-135,ARA Weikendorf,1/1/2022,CNP,3000,16.78040998,48.34390206
112,3-212,ATTP_3-212,ARA Dürnkrut,1/1/2022,CNP,3400,16.86166407,48.46700904
113,3-1029,ATTP_3-1029,ARA Lassee,1/1/2022,CNP,3700,16.82883933,48.21314557
114,3-220,ATTP_3-220,ARA Orth an der Donau,1/1/2022,CNP,3700,16.72020367,48.14600334
115,3-122,ATTP_3-122,ARA Marchegg,1/1/2022,CNP,4200,16.92269968,48.2534977
129,3-146,ATTP_3-146,ARA Hoheneich,1/1/2022,CNP,2650,15.01482918,48.77448442
144,3-997,ATTP_3-997,ARA Schollach,1/1/2022,CNP,2400,15.381532,48.20724885
148,3-330,ATTP_3-330,ARA GV Horn für Abwasserbeseitigung,1/1/2022,CNP,40000,15.66691613,48.66148503
149,9-Mar,ATTP_3-9,ARA Stetten,1/1/2022,CNP,2175,16.3743595,48.36427165
151,3-350,ATTP_3-350,ARA GAV Enzersfeld-Hagenbrunn,1/1/2022,CNP,4900,16.43875406,48.35726085
159,3-355,ATTP_3-355,ARA Hadersdorf,1/1/2022,CNP,5000,15.71941793,48.45187065
162,3-365,ATTP_3-365,ARA Hohenberg,1/1/2022,CNP,3000,15.6066712,47.92984152
163,3-1084,ATTP_3-1084,ARA St. Aegyd am Neuwalde,1/1/2022,CNP,3500,15.59965073,47.87484574
169,Mar-58,ATTP_3-58,ARA Emmersdorf,1/1/2022,CNP,3000,15.35271364,48.25032134
170,3-286,ATTP_3-286,ARA Yspertal,1/1/2022,CNP,3500,15.05983569,48.27725627
180,3-157,ATTP_3-157,ARA Rabensburg,1/1/2022,CNP,2000,16.90894799,48.64184647
182,3-154,ATTP_3-154,ARA Wildendürnbach,1/1/2022,CNP,2200,16.48768869,48.75561122
183,3-385,ATTP_3-385,ARA Bockfliess,1/1/2022,CNP,2500,16.59973293,48.35727439
187,3-387,ATTP_3-387,ARA Großharras,1/1/2022,CNP,3700,16.25251283,48.66824718
191,3-391,ATTP_3-391,ARA Wilfersdorf,1/1/2022,CNP,4500,16.69798836,48.6005346
202,3-189,ATTP_3-189,ARA Wasser- und AV Münchendorf,1/1/2022,CNP,4700,16.39300429,48.03979725
214,3-114,ATTP_3-114,ARA Lackenhof,1/1/2022,CNP,2000,15.1387964,47.87166836
215,Mar-87,ATTP_3-87,ARA Oberndorf an der Melk,1/1/2022,CNP,2500,15.21808515,48.07126095
216,Mar-80,ATTP_3-80,ARA Lunz am See,1/1/2022,CNP,2800,15.02097226,47.85532367
217,15-Mar,ATTP_3-15,ARA Gresten,1/1/2022,CNP,4600,15.02162212,47.99180234
223,3-804,ATTP_3-804,ARA Frankenfels,1/1/2022,CNP,2600,15.3480502,47.98705485
224,Mar-42,ATTP_3-42,ARA Pyhra,1/1/2022,CNP,4000,15.69562302,48.16021093
236,3-437,ATTP_3-437,ARA Thaya,1/1/2022,CNP,2000,15.29256739,48.85470532
238,3-436,ATTP_3-436,ARA Raabs an der Thaya,1/1/2022,CNP,2900,15.49983015,48.84109007
242,3-130,ATTP_3-130,ARA Waidhofen an der Ybbs,1/1/2022,CNP,16000,14.75964451,47.97151835
243,Mar-37,ATTP_3-37,ARA Moosbrunn,1/1/2022,CNP,3000,16.46981293,48.01774212
256,3-457,ATTP_3-457,ARA Schwarzenau,1/1/2022,CNP,2000,15.26609772,48.7481174
258,3-708,ATTP_3-708,ARA GAV Krumau - Pölla,1/1/2022,CNP,3100,15.49912496,48.61239586
259,3-453,ATTP_3-453,ARA Groß Gerungs,1/1/2022,CNP,4800,14.97054742,48.57338337
261,3-458,ATTP_3-458,ARA Zwettl,1/1/2022,CNP,40000,15.18463519,48.61267522
322,4-41208001,ATTP_4-41208001,Gurten,1/1/2022,CNP,2500,13.33530195,48.25362129
324,4-41215002,ATTP_4-41215002,Mettmach,1/1/2022,CNP,3750,13.33743883,48.18710853
332,4-41321001,ATTP_4-41321001,Neufelden,1/1/2022,CNP,2500,13.9995461,48.4789714
347,4-41413001,ATTP_4-41413001,Münzkirchen,1/1/2022,CNP,4350,13.57634474,48.49097801
414,6-M3617275R0,ATTP_6-M3617275R0,Thörl,1/1/2022,CNP,4950,15.22104902,47.51271062
457,6-M3381017R0,ATTP_6-M3381017R0,Unzmarkt,1/1/2022,CNP,2100,14.45352317,47.2070134
466,6-M3281650R0,ATTP_6-M3281650R0,Grossklein,1/1/2022,CNP,2400,15.44145659,46.74549038
477,6-M3450591R0,ATTP_6-M3450591R0,Lang,1/1/2022,CNP,2100,15.49582433,46.83805567
478,6-M3426736R0,ATTP_6-M3426736R0,Mautern,1/1/2022,CNP,4000,14.84537832,47.39545826
485,6-M3256159R0,ATTP_6-M3256159R0,Donnersbachwald,1/1/2022,CNP,2000,14.1248469,47.40733647
491,6-M3720167R0,ATTP_6-M3720167R0,Aich-Assach,1/1/2022,CNP,3500,13.84639765,47.42397345
510,6-M3218952R0,ATTP_6-M3218952R0,St.Blasen,1/1/2022,CNP,3000,14.33710064,47.10614292
518,6-M3725339R0,ATTP_6-M3725339R0,Kapfenstein,1/1/2022,CNP,2000,15.99446502,46.85237146
521,6-M3403767R0,ATTP_6-M3403767R0,Marktgemeinde St. Anna am Aigen,1/1/2022,CNP,2200,15.97083304,46.81349664
545,6-M3702105R0,ATTP_6-M3702105R0,St.Margarethen an der Raab,1/1/2022,CNP,3500,15.75517401,47.03732504
592,7-7705705,ATTP_7-7705705,Assling,1/1/2022,CNP,4200,12.68465501,46.78542055
604,8-Raggal,ATTP_8-Raggal,Raggal,1/1/2022,CNP,3750,9.840700037,47.21895267
605,8-Sonntag,ATTP_8-Sonntag,Sonntag,1/1/2022,CNP,4500,9.905915035,47.23700463
609,8-Schroecken,ATTP_8-Schroecken,Schröcken,1/1/2022,CNP,2500,10.08044267,47.26053076
610,8-Langenegg,ATTP_8-Langenegg,Langenegg,1/1/2022,CNP,3175,9.878193524,47.46122696
611,8-Hittisau,ATTP_8-Hittisau,Hittisau,1/1/2022,CNP,3833,9.962046415,47.46326737
612,8-Schwarzenberg,ATTP_8-Schwarzenberg,Schwarzenberg,1/1/2022,CNP,4000,9.862195858,47.41926786
613,8-Lingenau,ATTP_8-Lingenau,Lingenau,1/1/2022,CNP,4725,9.897769234,47.4501316
614,8-Damuels,ATTP_8-Damuels,Damüls,1/1/2022,CNP,4920,9.89478691,47.28073693
627,8-Laterns,ATTP_8-Laterns,Laterns,1/1/2022,CNP,4500,9.729420986,47.25720415
118,3-166,ATTP_3-166,ARA GAV Kleinharraserbach,1/1/2022,CP,6000,16.62274067,48.45918295
133,Mar-91,ATTP_3-91,ARA GAV Retzbach - Retz,1/1/2022,CP,5900,16.02998365,48.74129364
139,3-347,ATTP_3-347,ARA GAV Haugsdorf-Pernersdorf,1/1/2022,CP,12000,16.08579149,48.70590703
146,3-322,ATTP_3-322,ARA Gars am Kamp,1/1/2022,CP,7000,15.65733036,48.59019337
173,Mar-45,ATTP_3-45,ARA Loosdorf,1/1/2022,CP,7050,15.39052497,48.21032434
175,3-Mar,ATTP_3-3,ARA Melk,1/1/2022,CP,14000,15.33504912,48.23501515
178,Mar-51,ATTP_3-51,ARA GV Abwasserbeseitigung Raum Pöchlarn,1/1/2022,CP,25000,15.26245646,48.21476357
246,Mar-49,ATTP_3-49,ARA Himberg,1/1/2022,CP,20000,16.44031974,48.09171793
257,3-455,ATTP_3-455,ARA Martinsberg,1/1/2022,CP,2500,15.15513479,48.37368397
