name,resource,tags,geometry,center_lat,center_lng
,gravel,"""landuse""=>""quarry"", ""resource""=>""gravel""","POLYGON ((16.920063299999995 48.21979399988478, 16.9205344 48.21959459988482, 16.921152599999996 48.21927759988491, 16.9219869 48.21856819988507, 16.922383900000003 48.21824649988515, 16.9230223 48.21798559988522, 16.9240311 48.21765529988528, 16.9252297 48.21871109988504, 16.9236794 48.21985309988478, 16.9232181 48.22026059988468, 16.921679799999996 48.221323599884414, 16.920440599999996 48.220075899884726, 16.920063299999995 48.21979399988478))",48.21938545346386,16.922674021803157
,gravel,"""landuse""=>""quarry"", ""resource""=>""gravel""","POLYGON ((16.917572 48.21949569988484, 16.918210399999996 48.21892849988499, 16.919004200000003 48.219789599884784, 16.9182119 48.22003389988471, 16.9179701 48.2197034998848, 16.9176895 48.219754399884785, 16.9176766 48.219618999884815, 16.917572 48.21949569988484))",48.21953458108488,16.918259195354924
,gravel,"""landuse""=>""quarry"", ""resource""=>""gravel""","POLYGON ((16.9226487 48.217450499885345, 16.923206 48.21711309988543, 16.923786699999997 48.21675089988551, 16.9241171 48.216568499885575, 16.9243283 48.2164238998856, 16.9243713 48.216302699885645, 16.9246216 48.2159821998857, 16.9248015 48.21583499988575, 16.9253686 48.21586099988574, 16.9254683 48.21577369988576, 16.9257616 48.215601699885795, 16.925843699999998 48.215645999885794, 16.9260639 48.21554949988581, 16.926072499999997 48.215545699885794, 16.926297399999996 48.21554439988581, 16.9263629 48.21566209988578, 16.9262635 48.21597639988572, 16.926083399999996 48.21582019988574, 16.9257158 48.2159882998857, 16.9260208 48.216367399885605, 16.925297299999997 48.216713999885556, 16.9247792 48.21690679988547, 16.923824899999996 48.21724159988539, 16.9234339 48.217263799885394, 16.9230467 48.21762099988533, 16.9227601 48.2176537998853, 16.9226487 48.217450499885345))",48.21652180387567,16.92470370164023
Kieswerke Schönfeld,gravel,"""name""=>""Kieswerke Schönfeld"", ""type""=>""multipolygon"", ""landuse""=>""quarry"", ""website""=>""http://www.riedmueller-gruppe.at"", ""operator""=>""Riedmüller"", ""resource""=>""gravel"", ""addr:city""=>""Schönfeld"", ""addr:street""=>""Kieswerkstraße"", ""addr:postcode""=>""2291"", ""addr:housenumber""=>""1""","MULTIPOLYGON (((16.787312799999995 48.249778599877494, 16.7874607 48.24962709987752, 16.787492899999997 48.24950569987756, 16.7875962 48.2489340998777, 16.787678199999995 48.248705199877755, 16.789230299999996 48.24850749987781, 16.7900786 48.24834649987782, 16.7918206 48.248116999877915, 16.7918764 48.248345599877865, 16.7929914 48.24825829987786, 16.794306399999996 48.248182699877894, 16.796432399999997 48.24808129987791, 16.796387799999998 48.246364499878325, 16.7963698 48.24611179987837, 16.8021183 48.24571479987847, 16.8021324 48.245945999878444, 16.8021304 48.24670209987823, 16.8028218 48.24673279987823, 16.8034896 48.24666669987825, 16.8062928 48.2464940998783, 16.8058156 48.25009769987741, 16.804270099999997 48.25004419987743, 16.8038119 48.250289799877365, 16.8034753 48.25062179987729, 16.802467699999998 48.25042639987734, 16.8021405 48.2485331998778, 16.802148499999998 48.24795979987792, 16.8029559 48.24799379987794, 16.8031517 48.24777409987798, 16.8032616 48.24757219987803, 16.803312599999998 48.2472721998781, 16.803275 48.24693279987818, 16.8032429 48.24681849987821, 16.8031302 48.24680239987822, 16.802285299999998 48.24680419987822, 16.802218299999996 48.24682739987822, 16.802001 48.24681489987821, 16.801970199999996 48.24669029987826, 16.8016188 48.24673319987823, 16.8015651 48.2467970998782, 16.8013841 48.24695919987818, 16.801327999999998 48.24833519987783, 16.8008157 48.24836339987783, 16.8002069 48.24839699987782, 16.800069699999998 48.24839409987782, 16.7989195 48.24836939987784, 16.798744199999998 48.24848449987782, 16.7982405 48.24881539987772, 16.7983103 48.24992269987745, 16.7972052 48.249865599877495, 16.7967619 48.25004389987743, 16.7966902 48.250072799877415, 16.7919474 48.24982779987748, 16.7918983 48.24994389987746, 16.7918532 48.250050599877426, 16.7916926 48.25012889987741, 16.7885832 48.24994579987745, 16.787312799999995 48.249778599877494)), ((16.799632899999995 48.251017999877185, 16.7999108 48.25101059987719, 16.8027558 48.25124739987712, 16.8043783 48.2513250998771, 16.805457199999996 48.2513677998771, 16.805685 48.2513961998771, 16.806295199999997 48.251433799877084, 16.8065372 48.25138499987708, 16.8067362 48.25137199987712, 16.8072633 48.25142669987709, 16.8078492 48.25347839987658, 16.8048654 48.25381879987652, 16.8045967 48.252937199876726, 16.8041112 48.25291079987674, 16.8034738 48.25292209987671, 16.8035471 48.253293899876645, 16.8032933 48.25340659987661, 16.8024584 48.25358309987657, 16.802231299999995 48.25291479987672, 16.801646499999997 48.25285519987675, 16.7999163 48.25297979987673, 16.7997575 48.25211379987693, 16.7998865 48.251994899876955, 16.7997719 48.25177639987701, 16.7996441 48.251402799877106, 16.799632899999995 48.251017999877185)))",48.249392636550766,16.79964962051434
,gravel,"""landuse""=>""quarry"", ""resource""=>""gravel""","POLYGON ((16.895782000000004 47.97174119994442, 16.8969518 47.971367299944504, 16.8980353 47.97302839994411, 16.8974343 47.97327349994406, 16.8968813 47.973496299943996, 16.896595499999997 47.97309419994409, 16.896494 47.97284179994416, 16.895782000000004 47.97174119994442))",47.9724170731683,16.89691365039512
,gravel,"""landuse""=>""quarry"", ""resource""=>""gravel""","POLYGON ((16.892704099999996 47.98492599994128, 16.8927544 47.98493299994128, 16.893062299999997 47.9849175999413, 16.8932686 47.984848299941305, 16.8935232 47.98468729994134, 16.8936422 47.98448139994138, 16.8937271 47.98425069994144, 16.8936169 47.9840351999415, 16.8932111 47.98369319994157, 16.893829099999998 47.98338429994165, 16.8930453 47.98216979994195, 16.8933513 47.98208869994196, 16.8936491 47.98152919994209, 16.893851099999996 47.98153799994208, 16.8940309 47.98152749994208, 16.8945509 47.981389999942124, 16.8962603 47.984229899941454, 16.896504899999996 47.98429889994142, 16.8965867 47.98434779994143, 16.895990599999998 47.98511689994124, 16.896358499999998 47.98590099994104, 16.8957264 47.98609179994101, 16.894770499999996 47.986240599940956, 16.894223500000003 47.98632579994095, 16.894 47.98625469994099, 16.893577 47.98632879994096, 16.8929688 47.985381599941185, 16.892704099999996 47.98492599994128))",47.98417421605641,16.89460439238822
,gravel,"""landuse""=>""quarry"", ""resource""=>""gravel""","POLYGON ((16.9010409 47.99106589993982, 16.9021432 47.99091909993984, 16.9031176 47.99078929993989, 16.9032919 47.99089259993989, 16.9039368 47.99080259993988, 16.9041684 47.99091929993986, 16.9046664 47.99089929993986, 16.9057738 47.99162159993969, 16.904424899999995 47.99236609993951, 16.904118999999998 47.99231959993951, 16.903270699999997 47.992761699939415, 16.9029231 47.99264069993946, 16.902637999999996 47.99278959993942, 16.902179099999998 47.99232429993951, 16.901296 47.99240339993951, 16.9010919 47.991491399939726, 16.9010409 47.99106589993982))",47.9916799741419,16.903182646003
,gravel,"""landuse""=>""quarry"", ""resource""=>""gravel""","POLYGON ((16.992755 48.020972299932666, 16.993093099999996 48.02065969993276, 16.9931444 48.02069229993274, 16.9941608 48.02126769993263, 16.9941952 48.021304299932595, 16.994198399999995 48.0213272999326, 16.9940246 48.02151749993257, 16.9939474 48.02147589993259, 16.9937486 48.02145079993257, 16.993706699999997 48.02149369993257, 16.992755 48.020972299932666))",48.02111680919612,16.993474461762705
Schotter- und Betonwerk Strobl GmbH (Unternehmensgruppe Eibisberger),gravel,"""name""=>""Schotter- und Betonwerk Strobl GmbH (Unternehmensgruppe Eibisberger)"", ""landuse""=>""quarry"", ""operator""=>""Strobl GmbH (Unternehmensgruppe Eibisberger)"", ""resource""=>""gravel""","POLYGON ((15.616233899999997 47.232296800112465, 15.6164163 47.23205280011251, 15.616818699999996 47.23173220011259, 15.617086699999998 47.231765200112584, 15.6173222 47.23100070011274, 15.6170754 47.23086190011278, 15.617378499999996 47.23051110011285, 15.617310900000001 47.23007540011294, 15.618155399999997 47.2294148001131, 15.618204999999996 47.2293760001131, 15.618596199999999 47.229518700113054, 15.618942199999996 47.22964380011303, 15.619492499999998 47.22927160011312, 15.620127399999996 47.22913700011314, 15.6209141 47.22908610011317, 15.621215199999996 47.229187300113146, 15.621549399999996 47.229747600113015, 15.622026899999998 47.23054350011284, 15.623232300000002 47.23101550011273, 15.6239802 47.23140440011266, 15.6236367 47.23192440011254, 15.623102399999997 47.23256700011241, 15.6226122 47.23279950011234, 15.622534 47.23302500011232, 15.622099700000001 47.233037700112305, 15.621319299999998 47.232985500112314, 15.620959999999997 47.232956200112326, 15.620602700000001 47.23300790011233, 15.6197637 47.23320170011228, 15.619146799999996 47.232959800112326, 15.618224099999997 47.23273400011237, 15.617945199999998 47.23270480011238, 15.6180308 47.23236260011245, 15.617430200000001 47.23217300011248, 15.616684600000001 47.232428000112435, 15.616233899999997 47.232296800112465))",47.231286669465916,15.62013152927303
Alois Schönberger GmbH,gravel,"""name""=>""Alois Schönberger GmbH"", ""landuse""=>""quarry"", ""resource""=>""gravel""","POLYGON ((15.428338800000002 47.001771500160885, 15.429561700000002 46.9993162001614, 15.4296235 46.99930910016141, 15.4296497 46.99925880016139, 15.4301863 46.9992959001614, 15.4306774 46.998347200161604, 15.433761899999997 46.99915980016142, 15.4333675 46.999821700161306, 15.433779400000002 46.99992440016128, 15.4327553 47.00257270016074, 15.4333019 47.0026897001607, 15.433173200000002 47.00316530016061, 15.433484300000002 47.0032092001606, 15.433336500000001 47.00376610016048, 15.4330461 47.00373840016049, 15.431775799999999 47.003755600160474, 15.431269899999998 47.00329010016059, 15.4301985 47.00222270016081, 15.430046099999997 47.00212630016081, 15.429841599999998 47.00208580016085, 15.4284073 47.00184530016089, 15.428338800000002 47.001771500160885))",47.00097128824145,15.431390998069864
,gravel,"""source""=>""aerial imagery"", ""landuse""=>""quarry"", ""resource""=>""gravel""","POLYGON ((15.926960600000001 47.00624230015998, 15.9270894 47.00621670016, 15.927175199999997 47.00627710015996, 15.927250300000003 47.006319200159965, 15.9272825 47.00637220015996, 15.9272932 47.006428900159946, 15.9272771 47.006481900159926, 15.927208199999997 47.00645810015994, 15.9271715 47.00642140015994, 15.9271749 47.00634030015996, 15.927073599999996 47.00629520015997, 15.926960600000001 47.00624230015998))",47.00633776190218,15.927170954711823
,gravel,"""source""=>""aerial imagery"", ""landuse""=>""quarry"", ""resource""=>""gravel""","POLYGON ((15.959716599999997 47.10000260014053, 15.9604558 47.099339200140676, 15.961185399999998 47.09867820014081, 15.961695 47.098331300140856, 15.9622154 47.09851750014084, 15.962751799999998 47.09861610014083, 15.9632668 47.09864900014081, 15.963706700000001 47.09865990014081, 15.9641197 47.0987320001408, 15.964806399999997 47.09909350014072, 15.961545800000001 47.101279000140245, 15.961417099999997 47.10121500014027, 15.959716599999997 47.10000260014053))",47.09966096979642,15.962077605611334
,gravel,"""type""=>""multipolygon"", ""landuse""=>""quarry"", ""resource""=>""gravel""","POLYGON ((16.0627175 47.09279510014204, 16.063586599999997 47.09200250014221, 16.0639031 47.09164830014225, 16.0651087 47.0910146001424, 16.0654232 47.09073980014248, 16.066478999999998 47.08956870014272, 16.067221399999998 47.088555900142914, 16.0679843 47.08862650014291, 16.0681965 47.089999200142614, 16.068172599999997 47.091357300142334, 16.0681711 47.09192850014222, 16.0680739 47.09253440014208, 16.065871799999996 47.09375920014184, 16.0652442 47.09358030014188, 16.064568899999998 47.09406090014177, 16.0642544 47.09418110014172, 16.0627175 47.09279510014204), (16.064669599999995 47.09239650014212, 16.0647983 47.092553500142095, 16.0648305 47.092688700142034, 16.0652382 47.09236000014213, 16.0652489 47.09216280014217, 16.0651631 47.09198750014222, 16.0649754 47.092013000142195, 16.0647822 47.092115300142176, 16.064669599999995 47.09239650014212))",47.0916920808085,16.066040577740726
ALAS Klöch Werk Radlpass,stone,"""name""=>""ALAS Klöch Werk Radlpass"", ""type""=>""multipolygon"", ""landuse""=>""quarry"", ""operator""=>""ALAS Klöch GmbH"", ""resource""=>""stone""","POLYGON ((15.193816099999998 46.64863780023061, 15.1939416 46.64839080023066, 15.194096500000002 46.64814730023068, 15.194523699999998 46.647703500230776, 15.1949693 46.64724100023088, 15.1953497 46.646673000230976, 15.195644700000003 46.64656480023099, 15.196046399999998 46.646320400231055, 15.1967126 46.64606550023109, 15.1969059 46.64589790023111, 15.1971347 46.6459329002311, 15.1973824 46.64584120023112, 15.1976209 46.645990800231104, 15.1977785 46.6460507002311, 15.1979533 46.64614110023107, 15.198135899999997 46.64622080023105, 15.1991741 46.64669050023096, 15.199916600000002 46.64682660023095, 15.2000627 46.646564400231, 15.200153899999997 46.64622230023107, 15.2000473 46.6459584002311, 15.200645299999998 46.64533370023123, 15.201343400000003 46.64507560023127, 15.2018507 46.6449648002313, 15.2022155 46.645017300231295, 15.202611500000001 46.64512230023126, 15.202984599999997 46.64529360023124, 15.203327700000001 46.6454618002312, 15.203639300000003 46.64581570023113, 15.203811600000002 46.6460190002311, 15.2037841 46.646755000230954, 15.204037100000003 46.64721260023088, 15.204177599999998 46.64736690023083, 15.2040921 46.64754800023082, 15.2038411 46.647632700230794, 15.203573500000001 46.647680100230794, 15.203305599999998 46.647723900230766, 15.2031057 46.647841000230756, 15.202989000000002 46.64793690023073, 15.2028208 46.648051200230704, 15.2029043 46.648153200230695, 15.2030487 46.648384300230646, 15.203313900000001 46.648730200230574, 15.2026968 46.64881230023058, 15.2017575 46.64887640023055, 15.201221299999998 46.648936800230544, 15.2011933 46.64910370023051, 15.2014188 46.649052100230506, 15.2016679 46.6491328002305, 15.202339900000002 46.649136000230506, 15.203035299999996 46.64920700023049, 15.204633100000002 46.64928440023047, 15.2049526 46.64967470023039, 15.205300399999997 46.649961800230344, 15.204877399999997 46.64999080023034, 15.2048962 46.65012950023029, 15.2048022 46.6501876002303, 15.204515600000002 46.65010370023033, 15.2044404 46.6501521002303, 15.204416900000002 46.65046820023025, 15.203909399999999 46.65055860023023, 15.2037308 46.650671500230224, 15.203464100000001 46.650620300230216, 15.203713300000002 46.65039690023028, 15.2037285 46.6501769002303, 15.203601399999998 46.65012810023033, 15.2032963 46.650197900230296, 15.2029606 46.65026770023029, 15.202467300000002 46.65016990023032, 15.202218100000001 46.65017340023031, 15.201923099999997 46.6502188002303, 15.201363700000002 46.65036540023027, 15.2014502 46.650491100230255, 15.2014197 46.65063080023021, 15.201363700000002 46.6507844002302, 15.201216200000001 46.650815800230184, 15.200961999999999 46.650658700230224, 15.2004432 46.650658700230224, 15.200321199999996 46.65100080023016, 15.199761800000001 46.651105500230145, 15.199543099999996 46.650990300230156, 15.1992379 46.65102870023016, 15.1991108 46.65094490023017, 15.198757800000001 46.65092540023016, 15.198700200000001 46.65110810023014, 15.1991102 46.651271000230096, 15.199048900000001 46.65157510023004, 15.197648600000003 46.65138150023008, 15.197208999999997 46.65122570023012, 15.196911000000002 46.650928700230175, 15.1968455 46.650580100230236, 15.196763299999999 46.65028500023027, 15.196570199999998 46.65027390023028, 15.1962775 46.65035900023028, 15.1961049 46.65033440023027, 15.195863200000002 46.649959200230356, 15.195466699999999 46.64959860023042, 15.1948406 46.64920340023049, 15.1945671 46.648861000230546, 15.1942857 46.64892360023055, 15.194173500000002 46.649298400230485, 15.193967499999998 46.64908450023052, 15.193827000000002 46.64886260023055, 15.193816099999998 46.64863780023061))",46.64830403220757,15.199482435443793
,stone,"""landuse""=>""quarry"", ""resource""=>""stone""","POLYGON ((15.039091199999998 46.6634180002278, 15.039347199999996 46.66318670022783, 15.039783899999996 46.663253200227835, 15.039647400000002 46.663504400227794, 15.039371900000003 46.66379160022774, 15.039349999999999 46.66376030022773, 15.039456599999998 46.66365060022773, 15.039193200000001 46.66350880022779, 15.039091199999998 46.6634180002278))",46.66341054951603,15.039442452835294
,gravel,"""landuse""=>""quarry"", ""resource""=>""gravel""","POLYGON ((14.929009100000002 46.65633710022915, 14.929065399999997 46.656101000229185, 14.929449 46.655765900229234, 14.9299848 46.65562650022927, 14.9303466 46.65529180022935, 14.9311803 46.65568590022928, 14.930928599999996 46.65629050022915, 14.9309087 46.65632740022915, 14.930818499999999 46.65649560022911, 14.930378 46.65662520022909, 14.930055599999998 46.65665750022908, 14.930393800000001 46.65672230022907, 14.930867200000002 46.656674400229086, 14.9307807 46.65677130022906, 14.930706299999999 46.65694090022904, 14.930526100000002 46.65718920022898, 14.9301065 46.65713630022898, 14.9303215 46.65688910022904, 14.9298298 46.65671000022906, 14.929269000000001 46.656533100229105, 14.929051400000002 46.656447300229125, 14.929009100000002 46.65633710022915))",46.65617241524106,14.930162818781941
,gravel,"""landuse""=>""quarry"", ""resource""=>""gravel""","POLYGON ((14.754399700000002 46.57942740024358, 14.7544787 46.579297000243585, 14.754731099999997 46.57904050024364, 14.7551199 46.579034300243634, 14.756330899999996 46.57899040024366, 14.756344799999997 46.57909530024362, 14.7561582 46.57920940024362, 14.7562243 46.5793375002436, 14.755769999999998 46.57940130024359, 14.755414099999998 46.57942200024358, 14.7550209 46.57971230024352, 14.7545099 46.579734300243516, 14.754399700000002 46.57942740024358))",46.57930488725168,14.755248411542977
,gravel,"""landuse""=>""quarry"", ""resource""=>""gravel""","POLYGON ((14.7584292 46.579017700243654, 14.7589691 46.57892570024367, 14.759084599999998 46.578765200243694, 14.758980499999996 46.57827080024381, 14.759073499999998 46.57826990024379, 14.760049099999998 46.57826040024379, 14.7604933 46.57886280024368, 14.760237799999999 46.57903300024365, 14.759792600000003 46.57913980024363, 14.758577100000002 46.579335600243596, 14.7584292 46.579017700243654))",46.57878153237033,14.75951803322987
,gravel,"""source""=>""geoimage.at"", ""landuse""=>""quarry"", ""resource""=>""gravel""","POLYGON ((14.2723928 46.52941190025282, 14.272957799999999 46.52916080025284, 14.2734378 46.52864480025296, 14.2740429 46.52805310025305, 14.275057899999998 46.52756450025313, 14.276109999999997 46.52731590025317, 14.276664899999998 46.52743320025315, 14.276892099999998 46.52765490025312, 14.2770718 46.52792800025308, 14.276908 46.528703300252936, 14.276548 46.529673400252754, 14.275812999999998 46.52939130025282, 14.275792999999998 46.52926740025282, 14.274472899999997 46.52931220025282, 14.274052899999997 46.529298400252834, 14.273717799999998 46.52943260025281, 14.2731478 46.52975590025274, 14.2732328 46.52993480025271, 14.2730878 46.530113700252684, 14.272882099999999 46.530040700252684, 14.272457799999998 46.52989010025272, 14.2723928 46.52941190025282))",46.528618421226426,14.275084016300148
,gravel,"""landuse""=>""quarry"", ""resource""=>""gravel""","POLYGON ((14.2245578 46.556622200247794, 14.2249797 46.556260600247874, 14.2251633 46.55610320024791, 14.2259134 46.55629980024785, 14.2264096 46.55622240024787, 14.227083999999998 46.55647700024783, 14.227410799999998 46.556821100247774, 14.227560999999998 46.55696340024774, 14.227748299999998 46.55711620024771, 14.227791699999997 46.55714750024771, 14.227265600000003 46.55727480024768, 14.2271072 46.55738400024766, 14.226808199999999 46.55758180024762, 14.226461399999998 46.55781100024756, 14.2261457 46.558026800247546, 14.2258627 46.558432400247455, 14.2256766 46.55846390024745, 14.225595299999998 46.558702400247405, 14.225438599999999 46.55871400024742, 14.225381800000001 46.55854640024744, 14.225194299999998 46.55852980024744, 14.2249544 46.558249700247494, 14.225027899999999 46.55798610024755, 14.225118 46.55786450024756, 14.2251067 46.55764650024761, 14.2251485 46.55742930024764, 14.2250657 46.55697530024772, 14.2245578 46.556622200247794))",46.55719014134407,14.225974485728706
Schotterplatz,gravel,"""name""=>""Schotterplatz"", ""landuse""=>""quarry"", ""resource""=>""gravel""","POLYGON ((14.1908424 46.53278870025217, 14.1926663 46.53270010025221, 14.193145 46.53309650025212, 14.1935098 46.533576300252044, 14.1937298 46.534177800251925, 14.193804899999998 46.53484940025181, 14.1938143 46.53523170025174, 14.1913735 46.534870100251794, 14.1908424 46.53278870025217))",46.533932435631826,14.192369317841955
Kieswerk Pölling,gravel,"""name""=>""Kieswerk Pölling"", ""landuse""=>""quarry"", ""resource""=>""gravel""","POLYGON ((14.4732264 46.78987590020341, 14.4738952 46.78918940020355, 14.4742042 46.78824800020374, 14.474961200000001 46.78719020020393, 14.4751289 46.78686260020401, 14.476189099999997 46.78645810020407, 14.476847 46.78600190020415, 14.477248699999997 46.78599730020417, 14.477680200000002 46.78726430020391, 14.477472700000002 46.787743500203824, 14.4770419 46.78912850020356, 14.4760665 46.78977210020343, 14.475758700000002 46.789727800203444, 14.473938500000001 46.790755700203235, 14.4732264 46.78987590020341))",46.78836194033602,14.475653041493842
Kieswerk,gravel,"""name""=>""Kieswerk"", ""layer""=>""-1"", ""landuse""=>""quarry"", ""resource""=>""gravel""","POLYGON ((14.4717892 48.242970699879145, 14.472768 48.24244069987929, 14.473157300000002 48.2423583998793, 14.4733158 48.24243749987929, 14.474287600000002 48.2431017998791, 14.474564900000003 48.24328019987908, 14.474714 48.24333919987907, 14.4748655 48.243368699879056, 14.4750309 48.243370199879045, 14.475233699999999 48.24335779987904, 14.475461999999998 48.24330349987906, 14.475592499999998 48.243246099879094, 14.475627099999999 48.243218499879085, 14.4757114 48.24326009987909, 14.475751000000002 48.24322759987909, 14.476468599999999 48.24339799987902, 14.4771053 48.243591999879, 14.477256900000002 48.243670099879, 14.477204099999998 48.24378859987895, 14.4770288 48.24392909987892, 14.476960000000002 48.24398039987889, 14.476885100000002 48.24403619987888, 14.476794199999999 48.24410819987887, 14.4766571 48.24419419987885, 14.476512099999999 48.24426269987883, 14.476452800000002 48.24427849987883, 14.476389499999998 48.24427319987883, 14.476252399999996 48.24424509987885, 14.4759796 48.24419069987885, 14.475541899999998 48.24409589987888, 14.475224499999998 48.24402299987891, 14.474926200000002 48.243972099878896, 14.4747715 48.24394109987892, 14.474435899999998 48.24393359987892, 14.474204699999996 48.243923699878906, 14.4736828 48.24391999987892, 14.473335999999998 48.243946099878904, 14.473035899999998 48.244003199878904, 14.472777099999998 48.24407429987888, 14.472225800000002 48.243573099878994, 14.4723089 48.243385399879045, 14.472193099999998 48.24329149987906, 14.4718659 48.24311379987911, 14.4717892 48.242970699879145))",48.243446184249215,14.474245945201712
Kieswerk,gravel,"""name""=>""Kieswerk"", ""layer""=>""-1"", ""landuse""=>""quarry"", ""resource""=>""gravel""","POLYGON ((14.470710300000002 48.2387165998802, 14.471521199999998 48.238761599880156, 14.4724417 48.238929299880134, 14.473070900000002 48.23907519988011, 14.4731874 48.23916519988007, 14.473441399999997 48.239241199880055, 14.473693100000002 48.23938559988002, 14.4739681 48.23950969987998, 14.4741312 48.23931569988004, 14.4741894 48.23929869988004, 14.474319700000002 48.23937139988002, 14.4745027 48.239395199880015, 14.474939100000002 48.23946549987998, 14.4753217 48.239545599879975, 14.475548699999997 48.239617399879975, 14.475941900000002 48.239665699879964, 14.476268700000002 48.239742599879925, 14.476538 48.23981009987993, 14.476698900000002 48.23984579987992, 14.476995099999998 48.23979689987993, 14.476049 48.240335399879775, 14.4759864 48.240343899879775, 14.4758116 48.240356299879785, 14.4757533 48.24033799987978, 14.4749838 48.24075629987968, 14.473905199999997 48.24160349987947, 14.472789399999998 48.2423050998793, 14.4719404 48.2415393998795, 14.471581799999997 48.241531999879506, 14.471451299999996 48.24129609987956, 14.4713092 48.2410834998796, 14.4710831 48.24076069987969, 14.470894400000002 48.240504599879756, 14.4708151 48.240346299879796, 14.470798800000003 48.24020659987981, 14.470803499999999 48.24011969987984, 14.470864100000002 48.239964499879875, 14.470894400000002 48.23987599987991, 14.470889699999999 48.23972549987993, 14.4708244 48.239494199880006, 14.470763900000001 48.239191599880066, 14.470742900000001 48.238988199880126, 14.470710300000002 48.2387165998802))",48.240300391658785,14.473091329769666
,gravel,"""landuse""=>""quarry"", ""resource""=>""gravel""","POLYGON ((15.021681000000001 47.93367389995347, 15.022612800000001 47.93239249995377, 15.023404499999998 47.93203579995386, 15.0236131 47.931675599953934, 15.023845700000003 47.93169409995393, 15.0248162 47.931506299953966, 15.0253484 47.93154599995395, 15.025468 47.93159829995394, 15.025623299999996 47.93167659995393, 15.0257912 47.9317672999539, 15.025816500000001 47.931774599953904, 15.026095300000001 47.93193779995388, 15.0261837 47.931914299953874, 15.026197000000002 47.9321690999538, 15.02615 47.932285699953795, 15.026030399999996 47.932251299953805, 15.0260376 47.93251259995374, 15.0258847 47.93308329995361, 15.025911600000002 47.933340999953536, 15.0258298 47.93339409995354, 15.025518399999997 47.93316579995358, 15.025381 47.933934799953406, 15.025014200000001 47.93394909995338, 15.024642800000002 47.93379729995345, 15.024355900000002 47.93400909995338, 15.0239087 47.93424979995333, 15.0231807 47.934223399953325, 15.022339100000002 47.93437309995329, 15.0220919 47.934110499953356, 15.021681000000001 47.93367389995347))",47.93295052584225,15.024033402299896
,gravel,"""landuse""=>""quarry"", ""resource""=>""gravel""","POLYGON ((15.302077899999999 47.826657799978676, 15.302120699999998 47.82658769997868, 15.302112100000002 47.8265025999787, 15.3021464 47.82646469997873, 15.302095000000001 47.826171699978794, 15.3026102 47.826095799978816, 15.302666700000001 47.82611529997882, 15.3027061 47.82629579997876, 15.302813899999999 47.82632219997875, 15.3028482 47.826386599978726, 15.302793399999997 47.82640259997873, 15.302738599999998 47.826454399978736, 15.302665 47.8265037999787, 15.3027489 47.82667159997867, 15.302781099999999 47.82673629997866, 15.3027289 47.82675489997864, 15.3025538 47.826817499978624, 15.302518799999996 47.82681969997865, 15.30241 47.826826699978625, 15.3023056 47.82680259997863, 15.302266200000002 47.82675199997865, 15.302266200000002 47.82671749997867, 15.3022063 47.82668989997868, 15.302077899999999 47.826657799978676))",47.82645723172506,15.302439576454528
,gravel,"""landuse""=>""quarry"", ""resource""=>""gravel""","POLYGON ((15.5780226 47.85566699997187, 15.578053599999999 47.85557399997188, 15.578085599999998 47.8555206999719, 15.5781511 47.85546829997193, 15.578277699999996 47.85536039997194, 15.578339199999997 47.85510809997199, 15.578297700000002 47.85492299997204, 15.5783008 47.85486859997206, 15.578307099999996 47.85480049997207, 15.578249399999999 47.85473979997207, 15.578224399999996 47.8546853999721, 15.5782353 47.85465299997211, 15.578251100000001 47.85457499997213, 15.5784046 47.854532199972134, 15.578499499999996 47.85443089997216, 15.578605499999998 47.85434049997217, 15.578659199999999 47.854296099972174, 15.578768899999998 47.8542339999722, 15.578844399999998 47.854217599972195, 15.578935000000001 47.85423329997219, 15.579137199999996 47.8542851999722, 15.579478399999996 47.85436999997216, 15.579890500000001 47.854482899972126, 15.5802586 47.854606299972126, 15.5803604 47.8546623999721, 15.580380699999997 47.85471949997209, 15.580385099999997 47.85479689997208, 15.580341399999998 47.85490399997203, 15.580253800000001 47.855005699972025, 15.5798451 47.85553429997189, 15.579962099999998 47.85556779997189, 15.580069799999999 47.85556879997188, 15.5801743 47.85562739997187, 15.580180500000003 47.85571539997186, 15.580030799999998 47.85581269997183, 15.579901300000001 47.85583149997182, 15.5797625 47.85581169997184, 15.5794489 47.85584309997183, 15.579271099999998 47.85588809997183, 15.578799999999998 47.85623559997173, 15.578720499999996 47.85625959997173, 15.578637199999998 47.85624389997173, 15.578614399999996 47.85623449997173, 15.5785754 47.85617899997174, 15.578508299999996 47.85614339997174, 15.578456800000001 47.85612769997175, 15.5783944 47.85608169997177, 15.578380400000002 47.85603559997177, 15.578371 47.8559717999718, 15.5783851 47.85591529997181, 15.5782213 47.85584719997183, 15.5780351 47.855714899971865, 15.5780226 47.85566699997187))",47.855177326156515,15.579146471689175
,gravel,"""landuse""=>""quarry"", ""resource""=>""gravel""","POLYGON ((15.7213353 47.74397989999794, 15.721400599999999 47.74393539999795, 15.721370299999998 47.743857899997984, 15.721423099999999 47.743800099998005, 15.721485099999997 47.743811199997985, 15.721694699999999 47.743649899998026, 15.7218224 47.74360409999804, 15.7219701 47.743598699998046, 15.722155600000002 47.74344599999806, 15.7224333 47.743475199998066, 15.722688799999997 47.74346979999807, 15.722808599999999 47.743598699998046, 15.7226688 47.74359329999803, 15.7225171 47.74364969999804, 15.7225091 47.743778599997995, 15.722261600000001 47.743998699997945, 15.721814599999998 47.74413639999791, 15.721608299999998 47.744033799997936, 15.721532499999999 47.744046099997945, 15.7214271 47.744030999997925, 15.7213353 47.74397989999794))",47.74378320234763,15.722032346838425
Schottergrube,gravel,"""name""=>""Schottergrube"", ""landuse""=>""quarry"", ""resource""=>""gravel""","POLYGON ((15.608400399999997 47.861833899970414, 15.608501099999998 47.86157009997048, 15.608611100000001 47.86151689997048, 15.608948400000001 47.86147559997049, 15.609253999999998 47.86175849997045, 15.609213999999998 47.86205189997035, 15.608945400000001 47.86205299997037, 15.608778999999997 47.86208839997035, 15.608716199999996 47.86199879997039, 15.608616099999999 47.86198089997039, 15.608511900000002 47.862110699970344, 15.608424399999999 47.86209629997035, 15.608400399999997 47.861833899970414))",47.861800598979464,15.608816290344496
,gravel,"""landuse""=>""quarry"", ""resource""=>""gravel""","POLYGON ((15.8574136 47.78177319998915, 15.8575028 47.781662899989186, 15.858343899999996 47.7816204999892, 15.8588683 47.78148079998922, 15.859259199999999 47.781433899989246, 15.859473599999996 47.781442599989234, 15.8595616 47.78144479998924, 15.8596229 47.78149269998922, 15.8597803 47.781399499989256, 15.859819800000002 47.78132759998927, 15.860089699999996 47.78117749998928, 15.8602852 47.78113839998931, 15.860362899999997 47.78119789998931, 15.859971799999999 47.781425199989236, 15.859631499999999 47.78175379998917, 15.859253 47.78183359998915, 15.859089100000002 47.781801599989144, 15.858778999999997 47.781993399989084, 15.858587 47.78200049998912, 15.858549999999997 47.782067999989096, 15.8583862 47.782067999989096, 15.8581695 47.781964999989114, 15.8576462 47.78196859998911, 15.8574454 47.78186199998914, 15.8574136 47.78177319998915))",47.78169359145159,15.858768475133742
,gravel,"""landuse""=>""quarry"", ""resource""=>""gravel""","POLYGON ((15.629179800000001 47.691801700010025, 15.629183 47.69166200001007, 15.6293299 47.691584600010074, 15.6296746 47.691614700010064, 15.629847 47.69164480001005, 15.629917199999996 47.69176730001002, 15.629888499999996 47.691855400010006, 15.6297161 47.69197790000996, 15.629540600000002 47.691928400009985, 15.6294831 47.69197570000998, 15.629313899999998 47.69197140000997, 15.629259600000001 47.691932700009986, 15.629179800000001 47.691801700010025))",47.691779692330584,15.629530704200038
,gravel,"""landuse""=>""quarry"", ""resource""=>""gravel""","POLYGON ((15.8302808 48.279723199870205, 15.830916699999998 48.27801899987062, 15.8312931 48.27809099987059, 15.8314901 48.2776476998707, 15.831923199999999 48.27784189987066, 15.8313063 48.279498799870254, 15.8312159 48.279513899870246, 15.831025900000002 48.27956539987024, 15.830830799999996 48.279602499870215, 15.8305428 48.27962819987022, 15.8303896 48.279654299870224, 15.830342600000002 48.27972479987019, 15.8303158 48.27974799987018, 15.830290299999996 48.27974439987022, 15.8302808 48.279723199870205))",48.27873462400357,15.831129230184388
Steinbruch Zöchling Ramsau,stone,"""name""=>""Steinbruch Zöchling Ramsau"", ""type""=>""multipolygon"", ""email""=>""transporte@zoechling.at"", ""phone""=>""+43 2764 7911-0"", ""landuse""=>""quarry"", ""website""=>""https://zoechling.at/"", ""resource""=>""stone""","POLYGON ((15.8193357 47.996391799938536, 15.819513799999996 47.99573139993871, 15.820121200000003 47.99526379993882, 15.820399299999998 47.99520369993882, 15.8207632 47.995195899938835, 15.821373899999998 47.99501879993888, 15.8223642 47.99522229993883, 15.822915300000002 47.995579599938736, 15.823928899999999 47.995548899938754, 15.823399099999998 47.99594789993866, 15.823569699999997 47.99611399993862, 15.8241766 47.99583009993867, 15.824344099999998 47.99580629993869, 15.824605399999996 47.99585319993867, 15.825092800000002 47.995842699938684, 15.8257885 47.996029899938634, 15.8275189 47.99592159993868, 15.826306700000002 47.996551499938505, 15.826083299999999 47.99725359993834, 15.824864999999999 47.9970586999384, 15.8262133 47.99797739993817, 15.826568 47.99802829993817, 15.826793000000002 47.9978686999382, 15.826867000000002 47.99758129993827, 15.827060899999998 47.997273899938335, 15.827487099999999 47.99733049993832, 15.8278334 47.997460499938285, 15.828884800000003 47.99860919993802, 15.828929099999998 47.99878089993798, 15.829326900000002 47.999227899937864, 15.829447100000001 47.99929549993787, 15.8292419 47.99949849993779, 15.829296900000001 48.00020699993763, 15.829302299999998 48.00061369993756, 15.829122399999997 48.000787799937505, 15.8286114 48.00112929993743, 15.8283832 48.001057499937446, 15.827980399999998 48.000561599937555, 15.827717199999997 48.00031889993761, 15.827351199999999 48.00012649993766, 15.826870400000002 48.000007599937696, 15.826277699999999 47.99997359993769, 15.825911299999996 47.99988009993773, 15.8255264 47.99979939993774, 15.825346999999999 47.99973429993776, 15.825227399999998 47.9995957999378, 15.825207899999999 47.999458999937815, 15.825029099999997 47.999287199937854, 15.824550800000003 47.999248899937875, 15.822465799999998 47.99932249993783, 15.821302100000002 47.999174999937885, 15.8218883 47.998666499938004, 15.82133 47.997291199938346, 15.820798299999996 47.99692159993843, 15.8204663 47.99602309993867, 15.8206859 47.99568769993872, 15.820330699999998 47.99587509993867, 15.819620700000002 47.996489699938536, 15.8193357 47.996391799938536), (15.8238457 47.99695769993841, 15.825246699999996 47.99685549993845, 15.825542999999998 47.99713089993838, 15.825755100000002 47.99707389993838, 15.825455999999997 47.996536399938506, 15.8252141 47.996377799938536, 15.823864 47.99652479993852, 15.8238457 47.99695769993841))",47.997849271701014,15.824644982980907
Steinbruch Platzer,stone,"""name""=>""Steinbruch Platzer"", ""landuse""=>""quarry"", ""resource""=>""stone""","POLYGON ((15.766596700000001 48.012187299934794, 15.767564099999998 48.01187769993487, 15.768612899999997 48.011768299934886, 15.7691863 48.011887199934854, 15.7701648 48.0116686999349, 15.7709612 48.01154579993494, 15.7715082 48.01141869993497, 15.771920099999999 48.01184599993486, 15.772539999999998 48.012190899934765, 15.772557099999998 48.01269679993466, 15.7728748 48.012813799934634, 15.7733595 48.01278679993464, 15.773895800000002 48.0129089999346, 15.774527 48.01364109993443, 15.774554599999997 48.014230199934296, 15.7751408 48.01506339993409, 15.774391900000001 48.015245799934064, 15.7740712 48.015387799934025, 15.772718999999999 48.01538689993403, 15.772563800000002 48.01502179993412, 15.771415800000002 48.015097199934075, 15.771848799999999 48.01468519993419, 15.7715868 48.014237099934284, 15.770603300000001 48.01351479993446, 15.771036899999999 48.013469899934464, 15.7716327 48.01344619993447, 15.7718242 48.013286399934515, 15.771379500000002 48.01299539993459, 15.769917899999998 48.01242279993472, 15.769644899999996 48.012445599934736, 15.7694606 48.01216909993479, 15.7693135 48.012196799934785, 15.769214099999996 48.012613899934685, 15.7687584 48.0129975999346, 15.7683699 48.01306559993457, 15.766618099999999 48.01264439993468, 15.766596700000001 48.012187299934794))",48.013304871336075,15.771592933624257
,gravel,"""landuse""=>""quarry"", ""resource""=>""gravel""","POLYGON ((15.439206 47.94178429995154, 15.439287600000002 47.94163559995158, 15.4394611 47.94156889995159, 15.439690800000001 47.94166979995154, 15.439767300000002 47.941756999951544, 15.439228900000002 47.94191759995149, 15.439206 47.94178429995154))",47.94173706652772,15.439446135923992
Vorderleitner Natursteine,gravel,"""name""=>""Vorderleitner Natursteine"", ""landuse""=>""quarry"", ""resource""=>""gravel""","POLYGON ((15.506293600000001 48.64181759978114, 15.506293999999999 48.64171909978115, 15.506343400000002 48.6415707997812, 15.506448599999999 48.641516999781224, 15.5066028 48.6414974997812, 15.506840699999998 48.64150009978122, 15.5070271 48.64153129978121, 15.507087199999999 48.64159429978121, 15.507117399999997 48.641698599781165, 15.507089900000002 48.64189109978113, 15.507034799999996 48.6419423997811, 15.506962500000002 48.6419898997811, 15.506779799999997 48.64209239978107, 15.506680100000002 48.64222779978104, 15.506703 48.642284499781034, 15.506758600000001 48.642341199781015, 15.506881499999999 48.642388799781, 15.506984700000002 48.64243639978097, 15.5070438 48.642505199780985, 15.507089900000002 48.642582699780945, 15.5071155 48.64273589978091, 15.507077299999999 48.64283229978089, 15.507024499999995 48.642865699780884, 15.506948599999998 48.64289149978087, 15.5067176 48.642896399780874, 15.5065809 48.64287539978088, 15.5064874 48.6428371997809, 15.5064145 48.64277249978088, 15.5063618 48.64265449978094, 15.5064034 48.64255809978097, 15.506508399999996 48.642469299780984, 15.506574900000002 48.642399799780996, 15.506552700000002 48.64223879978103, 15.5064305 48.64212899978104, 15.506364399999999 48.64205209978108, 15.506313299999997 48.64190079978113, 15.506293600000001 48.64181759978114))",48.642157665909394,15.506709428079443
,gravel,"""landuse""=>""quarry"", ""resource""=>""gravel""","POLYGON ((15.5187396 48.640960099781374, 15.518883599999997 48.64084299978136, 15.519138399999997 48.640817299781396, 15.5193931 48.640780699781395, 15.519664499999998 48.64074049978141, 15.519885999999996 48.64073679978141, 15.520096499999998 48.64087589978137, 15.520157399999997 48.640956399781345, 15.520085399999996 48.641066199781335, 15.519869399999996 48.64124179978128, 15.5197199 48.64135529978126, 15.5195427 48.64140649978123, 15.5192824 48.64145409978122, 15.519030299999999 48.64145349978122, 15.518844900000001 48.641333299781245, 15.518745199999996 48.64114669978131, 15.5187396 48.640960099781374))",48.64108129287949,15.519404589944916
Hartgesteinschotterwerk Asamer,gravel,"""name""=>""Hartgesteinschotterwerk Asamer"", ""landuse""=>""quarry"", ""alt_name""=>""Steinbruch Wanko"", ""old_name""=>""Hartsteinschotterwerk Wanko"", ""operator""=>""Asamer Kies- und Betonwerke GmbH"", ""resource""=>""gravel""","POLYGON ((15.619847899999998 48.3391012998557, 15.619907099999997 48.33905579985571, 15.620044999999998 48.33902549985572, 15.620177300000002 48.33898609985571, 15.6203744 48.33888909985575, 15.6204155 48.33885879985576, 15.6204417 48.33881869985577, 15.6204565 48.33877549985577, 15.6204542 48.33873839985579, 15.620422299999998 48.338708799855794, 15.620451899999997 48.3386822998558, 15.620499799999997 48.3386488998558, 15.620585299999998 48.33862239985582, 15.620698100000002 48.338609599855815, 15.620969399999998 48.33861719985581, 15.621204699999996 48.33863779985581, 15.6213568 48.338633399855794, 15.621486900000003 48.33859449985582, 15.6226308 48.33775869985603, 15.622917799999998 48.33752869985608, 15.623115599999997 48.3374087998561, 15.623215599999998 48.3374878998561, 15.622591899999994 48.33794729985599, 15.6226697 48.33799899985597, 15.623219199999996 48.337654199856054, 15.6238516 48.33762469985607, 15.624536499999998 48.33770829985604, 15.6249159 48.337815199856, 15.6251429 48.33813059985593, 15.6253683 48.33821449985591, 15.625509700000002 48.338302099855895, 15.6257023 48.338304999855886, 15.625752299999998 48.338232699855915, 15.625595599999997 48.338078599855955, 15.625413899999996 48.33802439985596, 15.625332399999998 48.33783279985603, 15.625413899999996 48.33773689985604, 15.625507900000002 48.337703599856034, 15.625595599999997 48.337586899856056, 15.6258589 48.337566099856076, 15.6259027 48.337586899856056, 15.626817099999998 48.33757429985607, 15.627156200000002 48.33767029985606, 15.627582399999996 48.338045199855955, 15.628234299999995 48.33829519985588, 15.628622799999999 48.33868679985581, 15.628629099999998 48.33897849985574, 15.6283913 48.33929899985564, 15.628282799999997 48.33935139985564, 15.628102599999998 48.33942419985562, 15.6277517 48.339432599855606, 15.6276177 48.3394779998556, 15.6272741 48.339523199855606, 15.626795200000002 48.33945939985562, 15.6262224 48.339332599855645, 15.625633199999998 48.33934089985565, 15.625301000000002 48.339307599855665, 15.6252196 48.339245099855674, 15.624831 48.339245099855674, 15.624448700000002 48.339307599855665, 15.624354599999998 48.339228399855664, 15.6238242 48.33919479985568, 15.6239263 48.33937449985562, 15.6241473 48.339446899855616, 15.6245642 48.3394929998556, 15.6249203 48.3394779998556, 15.625453900000002 48.33941589985562, 15.625476499999996 48.33964369985557, 15.625782200000002 48.33976359985553, 15.625863599999997 48.33992769985551, 15.625976899999996 48.34003859985548, 15.626200700000002 48.340129899855434, 15.626698400000002 48.340112299855456, 15.627101899999998 48.34024099985542, 15.6274642 48.34035869985541, 15.627664300000001 48.34056469985534, 15.627816000000001 48.34088049985526, 15.627946999999997 48.34112349985522, 15.6279584 48.341565199855104, 15.628056000000003 48.34199129985498, 15.6281508 48.34216649985495, 15.628376599999998 48.34240929985489, 15.628591299999998 48.34273459985481, 15.628797199999998 48.34305249985473, 15.628686699999998 48.34360999985459, 15.628743899999998 48.344021199854495, 15.628646 48.34453709985436, 15.628829999999999 48.34509609985423, 15.628851099999997 48.34539569985416, 15.628813200000002 48.345581099854115, 15.6287087 48.345787199854065, 15.628974200000002 48.346335199853925, 15.628997399999996 48.3464793998539, 15.6289136 48.34659559985386, 15.6285411 48.34674899985383, 15.627796299999998 48.346925999853795, 15.6270435 48.34702509985375, 15.6260759 48.34699279985377, 15.625351299999997 48.34685949985381, 15.6251944 48.34663369985383, 15.624714900000003 48.3464182998539, 15.624170399999997 48.346113499853985, 15.623540399999996 48.345968499854, 15.6230868 48.34598329985401, 15.622731799999997 48.345864199854034, 15.622476599999999 48.34565279985413, 15.622274099999997 48.34541819985416, 15.622190399999997 48.34508749985422, 15.622233699999999 48.3448219998543, 15.622506199999998 48.34464759985435, 15.6228218 48.34462279985436, 15.623156500000002 48.34455439985437, 15.623503300000001 48.34439329985441, 15.623802199999997 48.34417259985446, 15.6239645 48.343845499854545, 15.624044500000002 48.343436499854654, 15.624194699999995 48.34256029985485, 15.6241412 48.342217799854936, 15.6236468 48.34227869985492, 15.6231716 48.341313399855146, 15.6226418 48.34129699985514, 15.6224137 48.34125179985517, 15.6220623 48.3407229998553, 15.622075 48.340447399855385, 15.622365299999998 48.34032299985541, 15.622570799999997 48.33964319985556, 15.622335400000003 48.33958579985559, 15.6218977 48.33938099985563, 15.621481199999998 48.339102399855705, 15.621257699999997 48.3390509998557, 15.621233399999996 48.33925149985566, 15.621464599999998 48.33945119985562, 15.6212208 48.3403377998554, 15.621437899999997 48.34048109985535, 15.621382500000001 48.340819299855276, 15.6211311 48.34088099985527, 15.62099 48.340948799855255, 15.620953199999997 48.3411418998552, 15.621099 48.34138069985515, 15.6210383 48.342126499854956, 15.621227199999998 48.3423467998549, 15.621158000000001 48.342589799854835, 15.621445699999997 48.34388749985453, 15.621980400000002 48.34418629985446, 15.6215704 48.3447732998543, 15.621376699999997 48.34538369985417, 15.621189899999996 48.345608799854105, 15.620808400000001 48.3456108998541, 15.620855699999996 48.345510999854135, 15.620911799999998 48.3452952998542, 15.620957400000002 48.345071099854245, 15.6210094 48.34463839985435, 15.6209962 48.34421879985445, 15.620968800000002 48.343994599854504, 15.6209462 48.34386999985454, 15.620625900000002 48.34257139985484, 15.6204982 48.34202729985499, 15.620422999999999 48.34169789985506, 15.6203897 48.34140489985513, 15.6203864 48.34122709985517, 15.620403599999998 48.341045599855214, 15.620453499999998 48.34079059985529, 15.620748999999998 48.339376099855635, 15.620569800000002 48.339348599855654, 15.6203004 48.33930729985565, 15.6199573 48.33924069985567, 15.619853600000003 48.33921869985567, 15.619847899999998 48.3391012998557))",48.34220641993709,15.62515257840866
,gravel,"""type""=>""multipolygon"", ""landuse""=>""quarry"", ""website""=>""https://www.weberstein.at/"", ""operator""=>""weber stein"", ""resource""=>""gravel""","POLYGON ((15.8418697 48.32049279986024, 15.842675400000001 48.32034219986028, 15.8434668 48.32017609986033, 15.844108 48.320025699860366, 15.845253 48.319722799860436, 15.845660699999996 48.31962169986047, 15.8459595 48.31955769986047, 15.8465589 48.322826099859675, 15.8466066 48.32310759985962, 15.847698700000002 48.32300539985964, 15.848463399999998 48.32379159985945, 15.847011 48.32421979985933, 15.846854100000002 48.32425909985932, 15.846715499999997 48.324306999859324, 15.8447005 48.324862899859184, 15.8427747 48.32539269985906, 15.8418697 48.32049279986024), (15.8422962 48.32091949986015, 15.8425391 48.32191929985989, 15.8426107 48.32260449985973, 15.842802799999998 48.32334039985956, 15.842912699999996 48.3234722998595, 15.8429316 48.323629299859476, 15.8429235 48.32378079985946, 15.842861799999998 48.32388069985941, 15.842958399999999 48.3248259998592, 15.8430281 48.325002499859146, 15.843293699999998 48.324982899859144, 15.843360699999998 48.32488299985918, 15.8433393 48.32470469985923, 15.843505600000002 48.32467079985924, 15.844012500000002 48.32469399985922, 15.8441949 48.32464229985923, 15.844318300000001 48.324526299859265, 15.844406800000002 48.32420529985935, 15.8444604 48.323839699859434, 15.844406800000002 48.32363999985947, 15.8441573 48.323547199859505, 15.844098299999999 48.32285169985966, 15.8440688 48.3226732998597, 15.843808600000001 48.32209189985985, 15.843658399999997 48.32199919985989, 15.843643500000002 48.32170389985997, 15.8434012 48.320727399860196, 15.843275000000002 48.32061089986022, 15.842456299999998 48.32073319986017, 15.8422962 48.32091949986015), (15.844712799999998 48.322322199859805, 15.8447343 48.32282829985969, 15.844993399999996 48.32425319985934, 15.845138299999999 48.32441049985928, 15.846490899999997 48.32408289985937, 15.8479539 48.32369269985947, 15.8480621 48.32365679985947, 15.8480923 48.32362249985948, 15.8480804 48.3235765998595, 15.8479412 48.32342709985954, 15.847628699999998 48.323096899859635, 15.847522699999999 48.323082699859626, 15.8467855 48.3231750998596, 15.846647600000002 48.323229499859586, 15.8465253 48.323239099859585, 15.8464351 48.323199199859594, 15.846257499999998 48.32263819985973, 15.846136599999998 48.32245819985977, 15.845855399999998 48.322292899859825, 15.8451483 48.32211709985985, 15.844802 48.32212499985985, 15.844712799999998 48.322322199859805))",48.3221085686898,15.844594022828414
,gravel,"""owner""=>""Transporte Ges.m.b.H."", ""landuse""=>""quarry"", ""resource""=>""gravel""","POLYGON ((16.1850661 48.33658089985632, 16.1851612 48.33648979985633, 16.1856194 48.33633229985638, 16.1857036 48.336455699856366, 16.1859646 48.3366539998563, 16.185500599999997 48.336820699856254, 16.1852612 48.33679579985627, 16.1851647 48.33664949985631, 16.1850661 48.33658089985632))",48.33659813378259,16.18549477603624
,gravel,"""type""=>""multipolygon"", ""landuse""=>""quarry"", ""operator""=>""Rohrdorfer Baustoffe Austria GmbH"", ""resource""=>""gravel""","POLYGON ((16.2370093 48.37248309984752, 16.2372746 48.37227879984758, 16.2374258 48.37222659984759, 16.2375784 48.37220939984759, 16.2384485 48.372352699847546, 16.2395153 48.372579099847506, 16.2397271 48.37270889984747, 16.239930099999995 48.372783799847454, 16.2400717 48.37275999984747, 16.2434923 48.37205569984763, 16.2445349 48.37446599984703, 16.2445129 48.37450969984704, 16.2445876 48.37477399984696, 16.2429711 48.37509909984688, 16.2429471 48.37512179984688, 16.243341000000004 48.37633469984659, 16.2433075 48.37634279984659, 16.243173299999995 48.376354099846566, 16.243187 48.376414899846566, 16.242692100000003 48.376409799846556, 16.2424993 48.37639229984658, 16.2423174 48.37635139984658, 16.2421292 48.376292999846584, 16.2419365 48.37622129984663, 16.2417854 48.37615469984662, 16.241645 48.37607069984664, 16.2415232 48.37598059984666, 16.241401399999997 48.3758740998467, 16.2411686 48.37565279984673, 16.2410437 48.375529899846775, 16.2409388 48.3754479998468, 16.2408108 48.37537219984683, 16.240638099999998 48.37529329984684, 16.2404361 48.37523179984685, 16.240107699999996 48.375179599846874, 16.239709799999996 48.37513969984686, 16.239587999999998 48.37496139984692, 16.2394369 48.37478829984697, 16.239174699999996 48.37454969984704, 16.2390699 48.37446159984703, 16.2389758 48.374366299847054, 16.23878 48.37405799984714, 16.2387399 48.37402419984715, 16.238673599999995 48.37400879984714, 16.2383081 48.37400369984715, 16.2382603 48.37399549984714, 16.2378983 48.37385319984719, 16.2377041 48.37363359984726, 16.237556199999997 48.373064599847396, 16.2370093 48.37248309984752), (16.2375858 48.37252689984751, 16.2375976 48.37255509984751, 16.2376457 48.37259909984751, 16.2376855 48.372633399847494, 16.237753099999995 48.37266859984748, 16.2378095 48.37269729984748, 16.237866 48.37272419984747, 16.2379023 48.37273299984746, 16.237900199999995 48.37275239984747, 16.2378618 48.37274869984746, 16.2378318 48.372750499847456, 16.2378116 48.37276119984746, 16.237797 48.372773699847464, 16.237796300000003 48.37279589984744, 16.2378235 48.37283199984744, 16.237855599999996 48.37285569984743, 16.237903 48.3729477998474, 16.237921799999995 48.3730227998474, 16.237936399999995 48.373044099847405, 16.237958 48.37304319984738, 16.2380145 48.37304039984739, 16.2380933 48.37305059984739, 16.2381665 48.37306269984738, 16.238195 48.37307559984737, 16.2382076 48.3730732998474, 16.2382285 48.373069099847385, 16.2382522 48.37307419984737, 16.2382919 48.37310429984738, 16.2383561 48.37313399984737, 16.2384272 48.37315109984737, 16.238464799999996 48.37317289984735, 16.2384952 48.37318539984736, 16.238652499999997 48.373328899847316, 16.2387508 48.37341249984729, 16.2388648 48.37349079984725, 16.2389946 48.37356139984725, 16.2390654 48.373527399847276, 16.239207 48.37343079984729, 16.2393131 48.3733314998473, 16.239317099999997 48.37326879984734, 16.2393249 48.37318519984736, 16.239281699999996 48.37314599984737, 16.2392777 48.37311209984739, 16.239258099999997 48.37305719984738, 16.2393131 48.37297619984741, 16.2393603 48.37287699984743, 16.2393603 48.37280379984744, 16.2393367 48.37272809984747, 16.239281699999996 48.37267839984749, 16.2390915 48.37265419984748, 16.238923500000002 48.37263389984749, 16.2387102 48.372594499847494, 16.2385143 48.372568999847495, 16.238205499999996 48.37252319984752, 16.237973399999998 48.372492199847535, 16.237849999999998 48.372496299847526, 16.2377782 48.37248889984753, 16.237716799999998 48.37247359984751, 16.237663199999997 48.37247499984753, 16.237626199999998 48.372493999847535, 16.2376088 48.37251579984753, 16.2375858 48.37252689984751), (16.239718799999995 48.373691099847235, 16.240484 48.37437649984705, 16.2402405 48.374877199846935, 16.2403566 48.374979799846926, 16.2409206 48.37512389984687, 16.2409614 48.37512899984688, 16.2409614 48.37511369984688, 16.240999699999996 48.375096799846865, 16.2410226 48.375111999846894, 16.2410532 48.375105299846894, 16.2411068 48.3749899998469, 16.241147699999996 48.37495269984692, 16.2411859 48.37482219984695, 16.2412012 48.374761199846965, 16.241244599999998 48.37472049984698, 16.2412268 48.37468659984699, 16.2412268 48.374640899846995, 16.2411808 48.37456969984702, 16.2411068 48.37449849984703, 16.2410864 48.374461199847055, 16.241037899999995 48.37443579984706, 16.241037899999995 48.374386599847064, 16.2410583 48.37435099984706, 16.2410966 48.37430019984707, 16.2411221 48.374222199847104, 16.2411323 48.37413239984713, 16.2410788 48.37399509984716, 16.241094099999998 48.373901899847176, 16.2408517 48.373649299847244, 16.2408899 48.37353909984728, 16.2409563 48.37355269984727, 16.2409588 48.3733780998473, 16.2407915 48.37308349984738, 16.2411323 48.3730187998474, 16.2415396 48.37346589984729, 16.242170900000005 48.37345269984728, 16.243117499999997 48.37320519984734, 16.243417599999997 48.373621699847234, 16.243579900000004 48.373621699847234, 16.243642499999996 48.373623699847265, 16.243709400000004 48.373644399847244, 16.243876499999995 48.37392469984717, 16.243922 48.37405689984714, 16.2439251 48.374223599847106, 16.2442292 48.374753899846965, 16.2443683 48.374630699847, 16.243366899999998 48.372572999847506, 16.2432697 48.372501899847514, 16.2431973 48.37245869984754, 16.2430687 48.37244339984755, 16.2428726 48.37250319984753, 16.2424196 48.37258249984751, 16.2422358 48.372592299847504, 16.2414688 48.37269779984745, 16.241411799999998 48.37268379984747, 16.2411416 48.372743099847455, 16.2409976 48.37282419984745, 16.240589899999996 48.37289189984742, 16.2405056 48.372934399847416, 16.240460099999996 48.372979599847405, 16.2403111 48.3730206998474, 16.240215 48.37307779984737, 16.2399463 48.37326359984733, 16.2399435 48.37330229984732, 16.239917799999997 48.37332359984732, 16.239842999999997 48.373331999847316, 16.2397674 48.373364199847295, 16.239769499999998 48.37341569984729, 16.239739399999998 48.373436499847294, 16.239718799999995 48.373691099847235), (16.241149499999995 48.375272799846854, 16.2412014 48.37527929984685, 16.2412199 48.375257199846864, 16.2412594 48.37524569984686, 16.241350699999998 48.37509239984688, 16.2414112 48.37495229984692, 16.241442 48.37482769984694, 16.2414408 48.37473009984697, 16.241419799999996 48.37470629984697, 16.2413532 48.374676799847, 16.2413408 48.37477929984697, 16.2413211 48.37488499984693, 16.241258099999996 48.375071899846894, 16.241166799999995 48.37523749984684, 16.241149499999995 48.375272799846854))",48.37413492728021,16.241356838243465
,gravel,"""landuse""=>""quarry"", ""resource""=>""gravel""","POLYGON ((13.548893399999999 48.34112549985522, 13.549403299999998 48.341086799855226, 13.549566499999997 48.341262199855166, 13.549976699999998 48.34140379985514, 13.5498101 48.34164619985508, 13.549023099999998 48.34164639985507, 13.548893399999999 48.34112549985522))",48.34139857550001,13.549373187839537
,gravel,"""landuse""=>""quarry"", ""resource""=>""gravel""","POLYGON ((13.800624899999999 48.17251459989622, 13.8017675 48.17171859989644, 13.801906999999998 48.171770399896424, 13.8021859 48.17157899989646, 13.802345499999998 48.17163669989646, 13.8025359 48.17153029989648, 13.802920799999999 48.17166359989645, 13.803341899999998 48.171854999896404, 13.803401199999998 48.171882099896386, 13.8034464 48.171902699896386, 13.8024999 48.172498499896236, 13.8024468 48.17267189989621, 13.802814799999998 48.17295269989615, 13.802800899999998 48.17296689989614, 13.802788399999999 48.17297969989613, 13.801882799999998 48.17282039989616, 13.8012713 48.17265409989622, 13.8011425 48.1726665998962, 13.800624899999999 48.17251459989622))",48.172225893181604,13.802081214316557
,gravel,"""landuse""=>""quarry"", ""website""=>""https://www.stummer.cc/"", ""operator""=>""Stummer GmbH"", ""resource""=>""gravel""","POLYGON ((13.5730795 47.64860830001994, 13.573269499999999 47.648241000020015, 13.5736799 47.64800570002008, 13.574390599999997 47.64781180002012, 13.575131899999999 47.64789430002011, 13.575407599999998 47.648092400020076, 13.5753034 47.64842260001998, 13.5750645 47.648567000019945, 13.575131899999999 47.648855900019896, 13.5752115 47.64903750001983, 13.574972599999999 47.64921910001981, 13.574445700000002 47.64930990001978, 13.5743171 47.64927690001979, 13.573869899999998 47.64910360001982, 13.5734165 47.64904580001984, 13.5731347 47.64886420001988, 13.5730795 47.64860830001994))",47.64854051458779,13.574280131702478
,gravel,"""landuse""=>""quarry"", ""website""=>""http://stadler-kies.at/mobile/index.html"", ""operator""=>""STADLER Ges.m.b.H. u. Co. KG"", ""resource""=>""gravel""","POLYGON ((13.571100699999999 47.649487400019716, 13.571462199999997 47.64921500001981, 13.5722035 47.64910360001982, 13.572969299999999 47.64932230001978, 13.5733859 47.649561700019724, 13.5736248 47.64988770001965, 13.5738086 47.650135300019585, 13.573453299999999 47.65032520001954, 13.572675199999999 47.65041190001953, 13.57213 47.65039950001953, 13.5717501 47.65024260001956, 13.5713764 47.64995790001963, 13.5711436 47.64973910001968, 13.571100699999999 47.649487400019716))",47.64978922551683,13.57240195001871
Steinbruch Anzenaukogl,gravel,"""name""=>""Steinbruch Anzenaukogl"", ""source""=>""local knowledge;local community;Marktgemeinde Bad Goisern;http://www.erdarbeiten-strobl.at/"", ""landuse""=>""quarry"", ""website""=>""http://www.erdarbeiten-strobl.at/"", ""operator""=>""Erdbau & Transporte Strobl David"", ""resource""=>""gravel""","POLYGON ((13.621742899999997 47.66479990001623, 13.622453699999998 47.66416260001638, 13.6249993 47.66484970001622, 13.623629500000002 47.666033200015946, 13.622170799999997 47.665277700016105, 13.622099699999998 47.665068600016156, 13.621742899999997 47.66479990001623))",47.66503033859948,13.623284201388904
,gravel,"""landuse""=>""quarry"", ""resource""=>""gravel""","POLYGON ((13.564732899999997 47.791014299987005, 13.564771999999998 47.79080439998705, 13.5649412 47.790699399987076, 13.565488 47.7906731999871, 13.566034699999998 47.790731499987075, 13.5666597 47.79068199998707, 13.5679368 47.79093109998703, 13.5681216 47.79093479998703, 13.5685605 47.79076939998708, 13.5689147 47.79080899998705, 13.5690061 47.79084739998704, 13.569826499999998 47.79056819998711, 13.5708448 47.790946999987014, 13.5711031 47.791393299986915, 13.5713105 47.792015399986774, 13.571335999999999 47.792599999986635, 13.571268199999999 47.79296199998655, 13.571303099999998 47.79339359998646, 13.571227399999998 47.79369609998637, 13.570539699999998 47.793994299986316, 13.5698588 47.79414979998627, 13.568946599999999 47.79418109998627, 13.5688355 47.794144099986255, 13.5683589 47.793985599986314, 13.567779399999997 47.79354199998642, 13.5674232 47.79305289998654, 13.566409300000002 47.792070299986754, 13.5661063 47.79189559998679, 13.565963599999998 47.79169479998685, 13.565696299999999 47.79150409998688, 13.565461999999998 47.791232999986946, 13.564732899999997 47.791014299987005))",47.792205504718964,13.568777648554846
,gravel,"""landuse""=>""quarry"", ""resource""=>""gravel""","POLYGON ((13.6245953 47.84005729997553, 13.624667299999999 47.839815999975585, 13.6249969 47.839417799975664, 13.625446299999998 47.839160299975745, 13.6261535 47.83920859997574, 13.6264771 47.83931719997571, 13.626816599999998 47.83960739997565, 13.626759 47.839348699975695, 13.626968299999998 47.83919389997573, 13.6266947 47.838967099975775, 13.626968299999998 47.83876539997583, 13.627054099999999 47.83853859997589, 13.627483199999999 47.83871859997585, 13.6280894 47.8393738999757, 13.628245 47.839730399975615, 13.6280894 47.8397807999756, 13.628067999999999 47.840166099975505, 13.6274965 47.83992379997556, 13.627677699999998 47.84024889997549, 13.627625399999998 47.84045859997544, 13.627559699999999 47.84017959997552, 13.627316899999999 47.8401984999755, 13.6272486 47.84048559997543, 13.6272265 47.8406289999754, 13.627076799999998 47.840815099975345, 13.626715900000002 47.84084639997535, 13.625562199999997 47.84071459997538, 13.6247704 47.84065099997538, 13.6246313 47.84040729997545, 13.6245953 47.84005729997553))",47.83986769744041,13.626391205469059
,stone,"""landuse""=>""quarry"", ""resource""=>""stone""","POLYGON ((13.3238862 47.55410670004145, 13.3248172 47.553711100041546, 13.325278599999999 47.55356630004159, 13.325702399999999 47.55345040004161, 13.326641900000002 47.55342070004161, 13.327305699999998 47.55326580004164, 13.3267519 47.553575400041595, 13.326870000000001 47.55401320004147, 13.326308 47.554188800041445, 13.325824399999998 47.554502700041375, 13.3253188 47.55460300004134, 13.325042999999999 47.554632000041344, 13.324706999999998 47.55463300004135, 13.32451 47.55465200004133, 13.324264499999998 47.554526800041344, 13.3240544 47.55427620004141, 13.3238862 47.55410670004145))",47.554017598048006,13.325474948721022
,gravel,"""landuse""=>""quarry"", ""resource""=>""gravel""","POLYGON ((12.984621899999999 48.20628059988806, 12.984649199999998 48.20625109988808, 12.9846736 48.20619749988807, 12.984690699999998 48.20618879988809, 12.984722999999999 48.2061724998881, 12.9847809 48.2061554998881, 12.9848371 48.206136199888086, 12.9848797 48.20611919988811, 12.984963099999998 48.20609989988811, 12.9850176 48.20607609988811, 12.985070399999998 48.206031799888116, 12.985114699999999 48.20600449988811, 12.9852135 48.205978399888124, 12.985297 48.20595689988813, 12.985358299999998 48.20594099988815, 12.9853668 48.205911499888145, 12.985439999999999 48.20588309988816, 12.9855082 48.205853599888144, 12.985574599999998 48.20582289988818, 12.9856206 48.20580019988816, 12.9856598 48.20578199988818, 12.9856904 48.20578319988818, 12.985744900000002 48.20577299988818, 12.9857858 48.20578199988818, 12.985840299999998 48.2057853998882, 12.985881199999998 48.20578319988818, 12.9858982 48.20576839988817, 12.9858863 48.205751399888186, 12.9858573 48.20573319988819, 12.985768799999999 48.20572069988821, 12.9856819 48.20572759988822, 12.9855474 48.205749099888195, 12.985510499999998 48.205758599888185, 12.9854778 48.205698699888195, 12.985781299999998 48.2052738998883, 12.986407100000001 48.20486149988839, 12.987016599999999 48.20512759988835, 12.987805799999999 48.20505449988835, 12.9883125 48.20497669988837, 12.988310099999998 48.20483659988841, 12.988445599999999 48.20472609988842, 12.988608999999999 48.20474789988843, 12.988788800000002 48.20512919988834, 12.9887515 48.20541709988825, 12.9888215 48.20573139988818, 12.988989599999998 48.20601459988812, 12.988044 48.20620449988807, 12.9878688 48.20637409988804, 12.9874042 48.20624649988806, 12.9871146 48.2069031998879, 12.986330300000002 48.20682319988794, 12.9861363 48.20679429988792, 12.9861643 48.20672419988794, 12.9861175 48.206507499888, 12.985992699999999 48.20655449988801, 12.9857455 48.20672959988795, 12.985582900000002 48.20678799988794, 12.985410100000001 48.20671489988794, 12.985216999999999 48.20665199988797, 12.9851411 48.20663409988798, 12.985142399999999 48.206565299888, 12.985067299999999 48.20650179988801, 12.9848407 48.20639459988803, 12.984655999999998 48.20633399988805, 12.984632099999999 48.20631129988807, 12.9846279 48.20629849988807, 12.984621899999999 48.20628059988806))",48.205846052325185,12.986925846682038
Kies,gravel,"""name""=>""Kies"", ""landuse""=>""quarry"", ""resource""=>""gravel""","POLYGON ((12.4268215 47.724568600002435, 12.427120799999999 47.72438120000249, 12.431000199999998 47.72538880000227, 12.431115699999998 47.72555550000221, 12.4320473 47.726467800002006, 12.431988799999997 47.726682000001965, 12.4304399 47.72670900000195, 12.429142899999999 47.72671430000194, 12.4286276 47.72659090000197, 12.4269775 47.72499790000234, 12.4268215 47.724568600002435))",47.72572671774111,12.429366730284988
,gravel,"""landuse""=>""quarry"", ""resource""=>""gravel""","POLYGON ((12.2422701 47.72037150000341, 12.242429399999999 47.71996420000352, 12.2428356 47.72005000000348, 12.2425648 47.72038220000342, 12.2422701 47.72037150000341))",47.72017874159106,12.242527952731596
,gravel,"""landuse""=>""quarry"", ""operator""=>""MUT Kufstein"", ""resource""=>""gravel""","POLYGON ((12.3580749 47.65269850001901, 12.358113599999998 47.65254990001903, 12.358447 47.652251000019106, 12.3587101 47.65202730001916, 12.359123099999998 47.652029400019174, 12.359303899999999 47.65201580001917, 12.359609399999998 47.651948100019176, 12.359942599999998 47.65190700001917, 12.3602979 47.65195420001917, 12.3604814 47.65197840001916, 12.360647 47.651950800019165, 12.3611926 47.65175250001923, 12.3614052 47.651609700019236, 12.3615276 47.651526100019254, 12.361728099999999 47.65132540001932, 12.361828 47.65132620001932, 12.361881399999998 47.651323900019314, 12.362012999999997 47.65143300001928, 12.3617061 47.65194160001917, 12.361726599999999 47.652167800019114, 12.361776999999998 47.6522318000191, 12.3620212 47.65216800001913, 12.3622108 47.65237220001907, 12.3628147 47.65255250001904, 12.363375799999998 47.65253940001904, 12.3635991 47.652814400018976, 12.3631647 47.65326500001887, 12.3630873 47.65363760001879, 12.362893399999999 47.6539898000187, 12.362576199999998 47.65435760001863, 12.3624204 47.6544076000186, 12.3622846 47.65441520001862, 12.3620718 47.65435120001864, 12.3619271 47.65425270001864, 12.361611099999998 47.65411730001867, 12.361239 47.65399590001869, 12.3608814 47.6539639000187, 12.3608603 47.65387700001873, 12.360726899999998 47.65384660001873, 12.360450599999998 47.65378270001876, 12.359915799999998 47.6536189000188, 12.359988699999999 47.653577500018784, 12.360228299999998 47.653164400018895, 12.3603375 47.65295780001894, 12.3604487 47.65270860001901, 12.3604027 47.65269440001901, 12.3597932 47.65296040001893, 12.3589891 47.653340300018854, 12.3587605 47.65328070001886, 12.358352799999999 47.653070500018906, 12.358210699999999 47.65298820001893, 12.358122799999999 47.652893500018955, 12.3580749 47.65269850001901))",47.65291164733918,12.361021260776408
,gravel,"""landuse""=>""quarry"", ""resource""=>""gravel""","POLYGON ((12.3486167 47.597758700031555, 12.3486315 47.59771260003156, 12.3486744 47.597672800031575, 12.348766899999998 47.59764110003157, 12.348878199999998 47.59764290003157, 12.3489775 47.59768910003158, 12.349010999999999 47.59773880003157, 12.3490526 47.59782200003152, 12.3490526 47.59792060003151, 12.349015 47.59800830003147, 12.348872899999998 47.59803000003151, 12.3487777 47.597973000031516, 12.3486972 47.597908800031526, 12.3486382 47.59783380003153, 12.3486167 47.597758700031555))",47.59782547949753,12.348849002244155
,gravel,"""landuse""=>""quarry"", ""resource""=>""gravel""","POLYGON ((11.311150999999999 47.26662540010507, 11.311222599999999 47.26649810010509, 11.311660999999999 47.26647980010508, 11.3121576 47.2665193001051, 11.3131908 47.266779200105056, 11.313692 47.267010300105, 11.3145114 47.267296200104916, 11.313799 47.26740340010492, 11.313289400000002 47.267205000104944, 11.3127878 47.26721590010494, 11.3125196 47.267179500104945, 11.311554 47.26661350010506, 11.3113466 47.26662690010507, 11.311150999999999 47.26662540010507))",47.26692958980494,11.312812954206901
,stone,"""landuse""=>""quarry"", ""resource""=>""stone""","POLYGON ((11.7431251 47.06151420014855, 11.7434029 47.061268400148606, 11.7437214 47.06127030014859, 11.743905199999999 47.061443300148575, 11.7443174 47.06160320014855, 11.7445202 47.06144010014857, 11.7448284 47.06150500014855, 11.7452719 47.06170320014851, 11.7453548 47.0618636001485, 11.745506499999998 47.061982200148464, 11.745001599999998 47.06211470014843, 11.7450221 47.06235310014839, 11.7453312 47.06252690014834, 11.745713499999999 47.06277930014829, 11.745340600000002 47.06297160014825, 11.745166199999998 47.062831900148275, 11.744830599999998 47.06265950014831, 11.744654599999999 47.062563100148346, 11.7445593 47.062508400148346, 11.7443062 47.062434000148365, 11.7440742 47.062325800148386, 11.7438244 47.06208270014844, 11.743659199999998 47.06190920014847, 11.7435222 47.0618213001485, 11.743376999999999 47.0617617001485, 11.743248399999999 47.061774800148505, 11.743141700000002 47.06165550014851, 11.7431251 47.06151420014855))",47.061989226916964,11.744444619584185
Schottergrube Scholl,stone,"""name""=>""Schottergrube Scholl"", ""landuse""=>""quarry"", ""operator""=>""Scholl Erdbau & Transporte"", ""resource""=>""stone""",POINT (11.0098008 47.324215600092565),47.324215600092565,11.0098008
,gravel,"""type""=>""multipolygon"", ""landuse""=>""quarry"", ""resource""=>""gravel""","POLYGON ((9.9256576 47.345517500087915, 9.9256827 47.34544780008793, 9.9258045 47.345181600087976, 9.925929700000001 47.34441490008814, 9.926671 47.34456150008811, 9.9269775 47.344631800088116, 9.927524 47.344743500088065, 9.927414 47.344926400088035, 9.9273318 47.345182000087966, 9.9273925 47.34546530008792, 9.9268669 47.345474100087905, 9.9256576 47.345517500087915), (9.926051299999997 47.34530440008796, 9.9261127 47.34537110008793, 9.926490699999999 47.345375000087934, 9.9265578 47.34474250008808, 9.9264189 47.344707900088096, 9.926280099999998 47.3446972000881, 9.926185199999999 47.34486180008805, 9.926129 47.34487810008805, 9.9261152 47.345000000088014, 9.926051299999997 47.34530440008796))",47.345020845012186,9.926609236920156
Kieswerk,gravel,"""name""=>""Kieswerk"", ""landuse""=>""quarry"", ""resource""=>""gravel""","POLYGON ((9.8788806 47.40382860007508, 9.8789111 47.40373940007508, 9.878976800000002 47.403724000075094, 9.8790841 47.4037221000751, 9.879371 47.40392490007506, 9.879859899999998 47.40394730007503, 9.8803042 47.40396770007505, 9.8806062 47.40400260007502, 9.8807122 47.404066200075015, 9.880778699999999 47.40414440007501, 9.881087099999998 47.40455120007492, 9.8813007 47.40487230007484, 9.881341699999998 47.40512200007478, 9.8808106 47.40532780007476, 9.8804749 47.40540410007471, 9.880131499999997 47.40537710007472, 9.8800544 47.40534950007475, 9.8797734 47.405225000074765, 9.879678099999998 47.40517450007477, 9.8795529 47.40510790007479, 9.879273499999998 47.40483550007485, 9.8791529 47.40469790007488, 9.879078399999997 47.40459400007491, 9.878928099999998 47.404310300074975, 9.8788806 47.40382860007508))",47.40460150976994,9.88008772752388
Serpentinsteinbruch,stone,"""name""=>""Serpentinsteinbruch"", ""landuse""=>""quarry"", ""resource""=>""stone""","POLYGON ((12.332735699999999 47.02452570015621, 12.332757399999998 47.024481300156225, 12.3328354 47.02444820015626, 12.332924900000002 47.02442120015623, 12.333019499999999 47.02437590015624, 12.333084699999999 47.02431230015625, 12.333101299999997 47.024235600156274, 12.3331026 47.0241110001563, 12.3330348 47.023882700156356, 12.3330323 47.02383560015635, 12.333048899999998 47.02378240015637, 12.333154999999998 47.02364560015639, 12.3331946 47.0235846001564, 12.3332227 47.02350790015642, 12.333241899999999 47.023376400156444, 12.333281499999998 47.023139300156494, 12.3332913 47.022948600156525, 12.334089099999998 47.022919200156544, 12.3340476 47.02347290015642, 12.3343436 47.023571500156415, 12.3346151 47.02368020015639, 12.334758199999998 47.02390330015635, 12.334882 47.023929700156344, 12.3350839 47.024029000156304, 12.3353192 47.02421030015628, 12.3353754 47.02434800015625, 12.3352655 47.02447000015623, 12.335109499999998 47.024621600156195, 12.334971499999998 47.02476800015615, 12.334833399999999 47.024914400156135, 12.334782299999999 47.02498060015613, 12.3347184 47.025080000156095, 12.334636500000002 47.02522630015606, 12.3345394 47.02532920015606, 12.3343323 47.02529430015606, 12.334235199999998 47.02516880015608, 12.3338606 47.02516620015608, 12.333700799999999 47.02517410015608, 12.3336523 47.02514880015609, 12.333679099999998 47.02505380015611, 12.333698299999998 47.024964100156126, 12.3336753 47.02491350015612, 12.333610099999998 47.02491350015612, 12.333503999999998 47.02494140015613, 12.333380000000002 47.02497360015613, 12.3332713 47.02501550015611, 12.3331616 47.02501390015611, 12.3330722 47.02488940015615, 12.332943799999999 47.024771400156176, 12.332881399999998 47.02477060015615, 12.3328469 47.024704400156175, 12.3327856 47.0245989001562, 12.332735699999999 47.02452570015621))",47.024210603320405,12.333983557727171
,gravel,"""landuse""=>""quarry"", ""resource""=>""gravel""","POLYGON ((11.784652699999999 47.39857330007624, 11.7846655 47.398467700076246, 11.784747299999998 47.39843480007627, 11.7848982 47.39859580007624, 11.7850133 47.398753300076216, 11.784982 47.39878300007619, 11.7849161 47.39876720007621, 11.7847601 47.39862180007623, 11.784698699999998 47.398611400076234, 11.784652699999999 47.39857330007624))",47.39860409892185,11.784816416304077
Schotterwerk Weiße Riese Assling,gravel,"""name""=>""Schotterwerk Weiße Riese Assling"", ""email""=>""office@dietrichkies.at"", ""phone""=>""+43 4852 68102"", ""landuse""=>""quarry"", ""website""=>""https://dietrichkies.at/"", ""operator""=>""Dietrich Kies"", ""resource""=>""gravel""","POLYGON ((12.642191599999999 46.77885540020557, 12.6422178 46.77869330020559, 12.6422913 46.77862710020562, 12.6423094 46.77852990020563, 12.642509 46.77854430020563, 12.6427486 46.77850980020563, 12.6436758 46.77750750020583, 12.6436992 46.77739530020586, 12.644314799999998 46.77699080020594, 12.645257199999998 46.77572160020618, 12.6453075 46.775252600206265, 12.6448452 46.774480200206405, 12.644544799999998 46.77423770020647, 12.6448928 46.77398330020652, 12.646098999999998 46.77400490020653, 12.6463953 46.77417060020649, 12.6467137 46.774188300206475, 12.647104699999998 46.774378700206455, 12.647235099999998 46.774938200206336, 12.646574599999997 46.775176200206275, 12.646192300000001 46.77597370020613, 12.645766499999999 46.77644390020605, 12.646531199999998 46.777170000205885, 12.647226399999997 46.77779480020578, 12.647321999999999 46.77815190020569, 12.6468178 46.77845350020564, 12.6467224 46.77906980020552, 12.6450742 46.779311100205476, 12.6451594 46.779366800205466, 12.644595899999999 46.77935860020548, 12.6439192 46.77941430020545, 12.6435923 46.77938510020547, 12.6431649 46.779362500205444, 12.642508099999999 46.77923810020549, 12.6425721 46.779164300205515, 12.642399499999998 46.779108700205505, 12.6422176 46.77911060020552, 12.642191599999999 46.77885540020557))",46.777249740734675,12.645182857565985
Kieswerk Leisach,gravel,"""name""=>""Kieswerk Leisach"", ""email""=>""office@dietrichkies.at"", ""phone""=>""+43 4852 68102"", ""source""=>""GeoImage.at"", ""landuse""=>""quarry"", ""website""=>""https://dietrichkies.at/"", ""operator""=>""Dietrich Kies"", ""resource""=>""gravel""","POLYGON ((12.7087353 46.788782900203614, 12.708759299999999 46.788626800203666, 12.709185300000001 46.7883269002037, 12.709557299999998 46.78824880020373, 12.709827199999998 46.78833100020372, 12.7105352 46.78773120020384, 12.7104872 46.78763670020384, 12.710217199999999 46.78747650020387, 12.7102592 46.78730810020391, 12.7106972 46.786991800203985, 12.710829199999997 46.78669600020403, 12.711666600000001 46.78655120020407, 12.711767599999998 46.786720400204025, 12.712233599999998 46.78651280020405, 12.7126828 46.78646280020408, 12.712974699999998 46.786374400204096, 12.712752999999998 46.78617830020414, 12.712800699999999 46.786120600204136, 12.7129775 46.78600920020417, 12.713074 46.785821300204205, 12.713412699999997 46.78609370020414, 12.7134913 46.78646280020408, 12.7137871 46.786318000204105, 12.7145191 46.78635090020411, 12.7156337 46.78711910020395, 12.7160817 46.787922500203784, 12.715409699999999 46.78800280020378, 12.715249699999998 46.788389900203704, 12.714865699999999 46.78869660020365, 12.713137799999998 46.788090400203764, 12.712668499999998 46.78849210020368, 12.7126792 46.788762300203636, 12.7123058 46.789332000203515, 12.7120269 46.78954260020346, 12.711420499999997 46.7898578002034, 12.7109725 46.79002580020338, 12.7108862 46.790118600203364, 12.7107121 46.79007540020338, 12.7104482 46.789967700203384, 12.710294499999998 46.789871200203415, 12.710218699999999 46.789842300203404, 12.710281199999999 46.78990820020341, 12.710439799999998 46.79001480020338, 12.7105788 46.790107100203365, 12.710726099999999 46.790175300203366, 12.7108862 46.79022050020335, 12.7109704 46.79023400020335, 12.711015299999998 46.790276200203344, 12.710933899999999 46.79031850020331, 12.710751399999998 46.790347400203316, 12.710644699999998 46.79031470020333, 12.710495800000002 46.79035820020331, 12.7102028 46.79037510020331, 12.7095892 46.79040480020332, 12.709769299999998 46.79015170020336, 12.7094473 46.79004770020339, 12.709017299999998 46.78974820020345, 12.7088613 46.789583900203475, 12.708811599999999 46.78948050020348, 12.708816300000002 46.789377000203494, 12.7088253 46.78914030020354, 12.7088793 46.78898830020359, 12.7087353 46.788782900203614))",46.78809363189675,12.7121292193784
,gravel,"""landuse""=>""quarry"", ""resource""=>""gravel""","POLYGON ((13.9050065 46.604831400238844, 13.905101099999998 46.60467760023887, 13.905403899999998 46.604609000238874, 13.906575799999999 46.60433940023893, 13.906686499999998 46.60436640023893, 13.9072344 46.60395820023902, 13.9069759 46.603701400239046, 13.9067618 46.60347370023911, 13.906625199999999 46.60299890023919, 13.9065235 46.60204310023937, 13.906702799999998 46.60196740023937, 13.907439399999998 46.60195370023937, 13.908809199999999 46.60182000023939, 13.9088122 46.60252650023928, 13.9084307 46.60277090023922, 13.9080758 46.60310850023917, 13.9078153 46.603475000239094, 13.907934000000001 46.60355080023909, 13.908423899999999 46.603382600239115, 13.9089008 46.60332890023911, 13.9092657 46.603287700239136, 13.909741999999998 46.60354710023909, 13.909786 46.60367570023905, 13.910051799999998 46.603495100239094, 13.910313299999999 46.60334160023913, 13.910758099999999 46.603365800239104, 13.910743299999998 46.60359550023906, 13.910872899999998 46.60383970023904, 13.910810499999998 46.603875900239025, 13.909970200000002 46.60396830023899, 13.9098213 46.603882500239024, 13.909778099999999 46.604001300239, 13.909590800000002 46.60405410023898, 13.909418 46.60409370023898, 13.9088321 46.604100300238976, 13.908591999999999 46.60416630023898, 13.908495999999998 46.60429160023896, 13.9085824 46.604327900238935, 13.9079294 46.604525900238905, 13.9080036 46.604572000238896, 13.908030199999999 46.604588500238876, 13.907919799999998 46.60459840023889, 13.907732499999998 46.60468090023886, 13.907636499999999 46.60468750023886, 13.9073484 46.60480630023884, 13.9066569 46.60496460023881, 13.905739699999998 46.605274700238766, 13.905312399999998 46.605179100238765, 13.9050065 46.604831400238844))",46.60353556451252,13.90773854973093
