gkz,name,center_lng,center_lat,Sonst._votes,Sonst._percent,SPÖ_votes,SPÖ_percent,ÖVP_votes,ÖVP_percent,FPÖ_votes,FPÖ_percent,GRÜNE_votes,GRÜNE_percent,KPÖ_votes,KPÖ_percent,BIER_votes,BIER_percent,NEOS_votes,NEOS_percent,MFG_votes,MFG_percent,KEINE_votes,KEINE_percent,LMP_votes,LMP_percent,BGE_votes,BGE_percent,GAZA_votes,GAZA_percent,NW_votes,NW_percent
41501,Adlwang,14.2128616,47.9978313,0,0.0,187,14.37,391,30.05,452,34.74,118,9.07,16,1.23,22,1.69,76,5.84,9,0.69,11,0.85,11,0.85,0,0.0,8,0.61,0,0.0
50202,Adnet,13.1577805,47.7117392,0,0.0,314,13.59,841,36.39,652,28.21,186,8.05,49,2.12,35,1.51,196,8.48,6,0.26,23,1.0,9,0.39,0,0.0,0,0.0,0,0.0
41801,Aichkirchen,13.7773351,48.1157694,0,0.0,34,8.74,122,31.36,148,38.05,20,5.14,8,2.06,8,2.06,37,9.51,5,1.29,4,1.03,3,0.77,0,0.0,0,0.0,0,0.0
41343,Aigen-Schlägl,13.9903463,48.6576903,0,0.0,247,12.69,660,33.9,669,34.36,119,6.11,23,1.18,33,1.69,149,7.65,20,1.03,15,0.77,10,0.51,0,0.0,2,0.1,0,0.0
40801,Aistersheim,13.7407394,48.1850101,0,0.0,78,12.85,175,28.83,232,38.22,40,6.59,4,0.66,14,2.31,53,8.73,5,0.82,3,0.49,3,0.49,0,0.0,0,0.0,0,0.0
41601,Alberndorf in der Riedmark,14.4092865,48.3972058,0,0.0,460,16.3,791,28.03,940,33.31,234,8.29,45,1.59,53,1.88,221,7.83,34,1.2,27,0.96,14,0.5,0,0.0,3,0.11,0,0.0
40501,Alkoven,14.0947214,48.2850997,0,0.0,951,25.39,889,23.73,1099,29.34,274,7.31,56,1.49,66,1.76,339,9.05,19,0.51,25,0.67,21,0.56,0,0.0,7,0.19,0,0.0
41101,Allerheiligen im Mühlkreis,14.6378549,48.3028813,0,0.0,188,21.01,298,33.3,254,28.38,43,4.8,16,1.79,23,2.57,48,5.36,13,1.45,5,0.56,7,0.78,0,0.0,0,0.0,0,0.0
41001,Allhaming,14.1737974,48.1556772,0,0.0,117,15.6,246,32.8,213,28.4,47,6.27,8,1.07,13,1.73,89,11.87,3,0.4,5,0.67,8,1.07,0,0.0,1,0.13,0,0.0
41602,Altenberg bei Linz,14.3356091,48.3773189,0,0.0,457,14.01,1303,39.96,696,21.34,344,10.55,39,1.2,35,1.07,307,9.41,24,0.74,23,0.71,28,0.86,0,0.0,5,0.15,0,0.0
41304,Altenfelden,13.9599831,48.4884089,0,0.0,181,12.76,397,28.0,501,35.33,103,7.26,28,1.97,31,2.19,129,9.1,13,0.92,11,0.78,21,1.48,0,0.0,3,0.21,0,0.0
61205,Altenmarkt bei Sankt Gallen,14.7037201,47.7275498,0,0.0,187,38.01,119,24.19,110,22.36,22,4.47,15,3.05,5,1.02,22,4.47,5,1.02,3,0.61,4,0.81,0,0.0,0,0.0,0,0.0
40401,Altheim,13.23346,48.2428888,0,0.0,468,17.96,604,23.18,1031,39.56,159,6.1,42,1.61,43,1.65,185,7.1,44,1.69,15,0.58,13,0.5,0,0.0,2,0.08,0,0.0
32519,Altmelon,14.9603376,48.4383752,0,0.0,33,5.51,232,38.73,267,44.57,6,1.0,8,1.34,7,1.17,33,5.51,3,0.5,7,1.17,3,0.5,0,0.0,0,0.0,0,0.0
40701,Altmünster,13.7063717,47.8797152,0,0.0,1084,17.12,1873,29.58,1693,26.73,624,9.85,97,1.53,122,1.93,692,10.93,64,1.01,38,0.6,43,0.68,0,0.0,3,0.05,0,0.0
41401,Altschwendt,13.6800119,48.3239795,0,0.0,79,16.67,151,31.86,170,35.86,25,5.27,4,0.84,11,2.32,22,4.64,7,1.48,2,0.42,1,0.21,0,0.0,2,0.42,0,0.0
41701,Ampflwang im Hausruckwald,13.5536781,48.0959611,0,0.0,630,33.4,353,18.72,623,33.03,74,3.92,29,1.54,43,2.28,92,4.88,14,0.74,15,0.8,13,0.69,0,0.0,0,0.0,0,0.0
41402,Andorf,13.566077,48.3595258,0,0.0,443,14.28,958,30.88,1223,39.43,179,5.77,37,1.19,44,1.42,166,5.35,27,0.87,17,0.55,8,0.26,0,0.0,0,0.0,0,0.0
41201,Andrichsfurt,13.5130012,48.2649142,0,0.0,45,9.28,192,39.59,173,35.67,17,3.51,8,1.65,6,1.24,36,7.42,2,0.41,2,0.41,4,0.82,0,0.0,0,0.0,0,0.0
50301,Anif,13.0613618,47.7433421,0,0.0,300,12.77,807,34.34,552,23.49,268,11.4,58,2.47,35,1.49,291,12.38,6,0.26,12,0.51,21,0.89,0,0.0,0,0.0,0,0.0
41002,Ansfelden,14.2756936,48.2020135,0,0.0,1924,25.5,1436,19.03,2860,37.91,382,5.06,156,2.07,99,1.31,510,6.76,45,0.6,43,0.57,33,0.44,0,0.0,56,0.74,0,0.0
50302,Anthering,13.0082247,47.8920862,0,0.0,254,11.11,835,36.51,606,26.5,241,10.54,68,2.97,47,2.06,193,8.44,11,0.48,21,0.92,11,0.48,0,0.0,0,0.0,0,0.0
41202,Antiesenhofen,13.3981484,48.3519993,0,0.0,79,13.1,182,30.18,250,41.46,22,3.65,11,1.82,15,2.49,35,5.8,3,0.5,4,0.66,2,0.33,0,0.0,0,0.0,0,0.0
32502,Arbesbach,14.9419779,48.4861735,0,0.0,70,6.32,416,37.58,462,41.73,43,3.88,10,0.9,20,1.81,63,5.69,6,0.54,9,0.81,7,0.63,0,0.0,1,0.09,0,0.0
41102,Arbing,14.7105052,48.2336565,0,0.0,168,17.13,300,30.58,294,29.97,110,11.21,6,0.61,19,1.94,56,5.71,11,1.12,7,0.71,9,0.92,0,0.0,1,0.1,0,0.0
30503,Ardagger,14.827221,48.169729,0,0.0,307,12.65,880,36.26,776,31.97,161,6.63,42,1.73,45,1.85,163,6.72,18,0.74,17,0.7,16,0.66,0,0.0,2,0.08,0,0.0
41305,Arnreit,13.9906139,48.5265135,0,0.0,71,8.86,318,39.7,227,28.34,74,9.24,12,1.5,9,1.12,58,7.24,15,1.87,9,1.12,5,0.62,0,0.0,3,0.37,0,0.0
40502,Aschach an der Donau,14.0088635,48.3845047,0,0.0,311,25.26,255,20.71,374,30.38,101,8.2,20,1.62,24,1.95,117,9.5,7,0.57,13,1.06,4,0.32,0,0.0,5,0.41,0,0.0
41502,Aschach an der Steyr,14.3263649,48.0000183,0,0.0,296,18.72,376,23.78,470,29.73,164,10.37,26,1.64,37,2.34,167,10.56,22,1.39,14,0.89,9,0.57,0,0.0,0,0.0,0,0.0
40402,Aspach,13.3119587,48.1807818,0,0.0,155,10.07,549,35.67,613,39.83,62,4.03,19,1.23,26,1.69,83,5.39,13,0.84,13,0.84,4,0.26,0,0.0,2,0.13,0,0.0
41003,Asten,14.4095311,48.2309603,0,0.0,976,28.54,655,19.15,1195,34.94,152,4.44,52,1.52,62,1.81,240,7.02,30,0.88,29,0.85,13,0.38,0,0.0,16,0.47,0,0.0
41702,Attersee am Attersee,13.5238127,47.9085462,0,0.0,129,12.52,319,30.97,226,21.94,164,15.92,11,1.07,20,1.94,138,13.4,14,1.36,5,0.49,4,0.39,0,0.0,0,0.0,0,0.0
41703,Attnang-Puchheim,13.7110289,48.0122535,0,0.0,1027,27.99,705,19.22,1158,31.56,243,6.62,90,2.45,82,2.23,242,6.6,35,0.95,33,0.9,23,0.63,0,0.0,31,0.84,0,0.0
41704,Atzbach,13.7087797,48.0842112,0,0.0,74,9.49,233,29.87,294,37.69,48,6.15,14,1.79,24,3.08,73,9.36,7,0.9,6,0.77,6,0.77,0,0.0,1,0.13,0,0.0
41306,Atzesberg,13.8603891,48.5449444,0,0.0,31,10.88,96,33.68,113,39.65,14,4.91,3,1.05,5,1.75,17,5.96,2,0.7,3,1.05,1,0.35,0,0.0,0,0.0,0,0.0
41307,Auberg,14.0489717,48.5280594,0,0.0,32,8.18,159,40.66,134,34.27,17,4.35,5,1.28,8,2.05,20,5.12,7,1.79,3,0.77,6,1.53,0,0.0,0,0.0,0,0.0
40403,Auerbach,13.0975691,48.0744705,0,0.0,31,6.64,130,27.84,226,48.39,20,4.28,10,2.14,10,2.14,28,6.0,8,1.71,2,0.43,1,0.21,0,0.0,1,0.21,0,0.0
41705,Aurach am Hongar,13.6703514,47.9450464,0,0.0,257,21.69,268,22.62,413,34.85,67,5.65,20,1.69,33,2.78,92,7.76,16,1.35,6,0.51,12,1.01,0,0.0,1,0.08,0,0.0
41203,Aurolzmünster,13.4545099,48.2489835,0,0.0,224,14.33,407,26.04,669,42.8,77,4.93,14,0.9,20,1.28,117,7.49,18,1.15,7,0.45,5,0.32,0,0.0,5,0.32,0,0.0
41802,Bachmanning,13.790008,48.1346629,0,0.0,94,22.22,121,28.61,119,28.13,37,8.75,5,1.18,11,2.6,24,5.67,1,0.24,5,1.18,3,0.71,0,0.0,3,0.71,0,0.0
30910,Bad Großpertholz,14.7833978,48.6070661,0,0.0,161,18.9,300,35.21,265,31.1,33,3.87,10,1.17,20,2.35,46,5.4,4,0.47,8,0.94,5,0.59,0,0.0,0,0.0,0,0.0
41503,Bad Hall,14.2179072,48.0429546,0,0.0,563,18.14,865,27.88,933,30.07,254,8.19,45,1.45,68,2.19,307,9.89,22,0.71,19,0.61,18,0.58,0,0.0,9,0.29,0,0.0
41108,Bad Kreuzen,14.8207536,48.2693109,0,0.0,114,8.1,553,39.28,534,37.93,58,4.12,12,0.85,21,1.49,68,4.83,23,1.63,13,0.92,11,0.78,0,0.0,1,0.07,0,0.0
41603,Bad Leonfelden,14.2933949,48.5249129,0,0.0,373,13.58,897,32.65,852,31.02,234,8.52,37,1.35,62,2.26,219,7.97,33,1.2,23,0.84,12,0.44,0,0.0,5,0.18,0,0.0
40802,Bad Schallerbach,13.9098882,48.2378683,0,0.0,455,19.92,588,25.74,676,29.6,182,7.97,43,1.88,44,1.93,248,10.86,12,0.53,19,0.83,14,0.61,0,0.0,3,0.13,0,0.0
41803,Bad Wimsbach-Neydharting,13.8887222,48.0496165,0,0.0,299,18.73,478,29.95,496,31.08,108,6.77,38,2.38,28,1.75,113,7.08,10,0.63,11,0.69,13,0.81,0,0.0,2,0.13,0,0.0
40627,Bad Zell,14.6694204,48.3616813,0,0.0,334,17.06,655,33.45,531,27.12,203,10.37,27,1.38,32,1.63,118,6.03,26,1.33,20,1.02,12,0.61,0,0.0,0,0.0,0,0.0
41103,Baumgartenberg,14.7464604,48.2105165,0,0.0,165,14.46,354,31.03,438,38.39,65,5.7,14,1.23,22,1.93,63,5.52,9,0.79,5,0.44,6,0.53,0,0.0,0,0.0,0,0.0
30506,Behamberg,14.4828727,48.0440588,0,0.0,394,17.0,644,27.79,843,36.38,152,6.56,25,1.08,52,2.24,159,6.86,12,0.52,18,0.78,18,0.78,0,0.0,0,0.0,0,0.0
41706,Berg im Attergau,13.4896534,47.9538217,0,0.0,75,10.52,273,38.29,237,33.24,37,5.19,10,1.4,11,1.54,53,7.43,4,0.56,12,1.68,1,0.14,0,0.0,0,0.0,0,0.0
50303,Bergheim,13.0285463,47.8536618,0,0.0,422,13.43,1162,36.97,723,23.0,349,11.1,89,2.83,38,1.21,313,9.96,9,0.29,19,0.6,19,0.6,0,0.0,0,0.0,0,0.0
50304,Berndorf bei Salzburg,13.0583527,47.9914135,0,0.0,128,12.36,368,35.52,309,29.83,64,6.18,23,2.22,24,2.32,91,8.78,7,0.68,10,0.97,12,1.16,0,0.0,0,0.0,0,0.0
40404,Braunau am Inn,13.0201936,48.2372222,0,0.0,1580,21.48,1611,21.9,2416,32.84,679,9.23,195,2.65,145,1.97,548,7.45,62,0.84,45,0.61,37,0.5,0,0.0,39,0.53,0,0.0
41403,Brunnenthal,13.4817461,48.4785535,0,0.0,158,13.3,393,33.08,410,34.51,79,6.65,21,1.77,31,2.61,78,6.57,7,0.59,2,0.17,8,0.67,0,0.0,1,0.08,0,0.0
41804,Buchkirchen,14.0380403,48.2242771,0,0.0,567,20.83,676,24.83,915,33.61,184,6.76,36,1.32,43,1.58,243,8.93,16,0.59,19,0.7,18,0.66,0,0.0,5,0.18,0,0.0
40405,Burgkirchen,13.0888653,48.2022089,0,0.0,171,11.32,497,32.91,566,37.48,66,4.37,24,1.59,27,1.79,121,8.01,17,1.13,12,0.79,8,0.53,0,0.0,1,0.07,0,0.0
32503,Bärnkopf,15.014519,48.3979521,0,0.0,92,37.55,43,17.55,91,37.14,6,2.45,2,0.82,4,1.63,6,2.45,0,0.0,0,0.0,1,0.41,0,0.0,0,0.0,0,0.0
50305,Bürmoos,12.9201361,47.9876769,0,0.0,767,29.71,479,18.55,779,30.17,182,7.05,108,4.18,39,1.51,180,6.97,13,0.5,22,0.85,13,0.5,0,0.0,0,0.0,0,0.0
41707,Desselbrunn,13.7665922,48.0100683,0,0.0,250,20.78,360,29.93,384,31.92,66,5.49,18,1.5,19,1.58,79,6.57,10,0.83,9,0.75,8,0.67,0,0.0,0,0.0,0,0.0
41404,Diersbach,13.5878774,48.4198715,0,0.0,130,12.8,327,32.19,372,36.61,57,5.61,16,1.57,29,2.85,59,5.81,11,1.08,7,0.69,4,0.39,0,0.0,4,0.39,0,0.0
41504,Dietach,14.422347,48.0989129,0,0.0,469,22.3,533,25.34,550,26.15,241,11.46,42,2.0,37,1.76,182,8.65,22,1.05,10,0.48,11,0.52,0,0.0,6,0.29,0,0.0
41104,Dimbach,14.8985868,48.3042571,0,0.0,134,20.33,175,26.56,264,40.06,25,3.79,11,1.67,6,0.91,28,4.25,6,0.91,6,0.91,3,0.46,0,0.0,1,0.15,0,0.0
41405,Dorf an der Pram,13.6279055,48.267134,0,0.0,85,11.63,276,37.76,216,29.55,46,6.29,8,1.09,18,2.46,65,8.89,7,0.96,4,0.55,5,0.68,0,0.0,1,0.14,0,0.0
50306,Dorfbeuern,13.0155984,48.0177439,0,0.0,109,11.38,364,38.0,298,31.11,76,7.93,20,2.09,11,1.15,65,6.78,6,0.63,3,0.31,6,0.63,0,0.0,0,0.0,0,0.0
31506,Dorfstetten,14.9864974,48.3414258,0,0.0,76,18.27,150,36.06,159,38.22,11,2.64,3,0.72,3,0.72,9,2.16,1,0.24,2,0.48,2,0.48,0,0.0,0,0.0,0,0.0
50307,Ebenau,13.1751778,47.7829636,0,0.0,110,12.67,317,36.52,251,28.92,76,8.76,19,2.19,11,1.27,72,8.29,3,0.35,6,0.69,3,0.35,0,0.0,0,0.0,0,0.0
40704,Ebensee am Traunsee,13.7695444,47.782393,0,0.0,1274,28.22,947,20.97,1320,29.24,321,7.11,127,2.81,105,2.33,316,7.0,40,0.89,34,0.75,26,0.58,0,0.0,5,0.11,0,0.0
41204,Eberschwang,13.5590853,48.148394,0,0.0,358,17.38,479,23.25,777,37.72,115,5.58,33,1.6,51,2.48,186,9.03,37,1.8,15,0.73,7,0.34,0,0.0,2,0.1,0,0.0
41805,Eberstalzell,13.9925624,48.0333366,0,0.0,175,10.2,490,28.55,737,42.95,86,5.01,28,1.63,37,2.16,119,6.93,18,1.05,11,0.64,12,0.7,0,0.0,3,0.17,0,0.0
41806,Edt bei Lambach,13.8949008,48.1068652,0,0.0,258,17.93,434,30.16,477,33.15,98,6.81,18,1.25,31,2.15,101,7.02,8,0.56,6,0.42,4,0.28,0,0.0,4,0.28,0,0.0
40503,Eferding,14.0165796,48.3087595,0,0.0,477,23.23,539,26.25,604,29.42,150,7.31,36,1.75,42,2.05,172,8.38,7,0.34,11,0.54,6,0.29,0,0.0,9,0.44,0,0.0
40406,Eggelsberg,12.9825562,48.0830948,0,0.0,182,12.22,385,25.86,638,42.85,77,5.17,29,1.95,29,1.95,112,7.52,19,1.28,3,0.2,14,0.94,0,0.0,1,0.07,0,0.0
41004,Eggendorf im Traunkreis,14.1403849,48.1315993,0,0.0,120,18.1,184,27.75,205,30.92,43,6.49,16,2.41,8,1.21,76,11.46,5,0.75,2,0.3,4,0.6,0,0.0,0,0.0,0,0.0
41406,Eggerding,13.4803055,48.3551958,0,0.0,80,9.07,293,33.22,368,41.72,33,3.74,13,1.47,15,1.7,58,6.58,8,0.91,9,1.02,5,0.57,0,0.0,0,0.0,0,0.0
41604,Eidenberg,14.2276341,48.4093898,0,0.0,170,11.64,546,37.37,336,23.0,159,10.88,22,1.51,34,2.33,139,9.51,19,1.3,17,1.16,18,1.23,0,0.0,1,0.07,0,0.0
41205,Eitzing,13.4213367,48.2388218,0,0.0,87,15.76,143,25.91,215,38.95,35,6.34,3,0.54,11,1.99,43,7.79,3,0.54,6,1.09,5,0.91,0,0.0,1,0.18,0,0.0
50308,Elixhausen,13.0606291,47.8728431,0,0.0,243,13.28,673,36.78,412,22.51,170,9.29,52,2.84,24,1.31,204,11.15,18,0.98,13,0.71,21,1.15,0,0.0,0,0.0,0,0.0
50309,Elsbethen,13.1147862,47.769317,0,0.0,395,12.21,1161,35.88,748,23.11,400,12.36,102,3.15,46,1.42,337,10.41,13,0.4,14,0.43,20,0.62,0,0.0,0,0.0,0,0.0
41407,Engelhartszell,13.7068416,48.4984534,0,0.0,64,12.48,174,33.92,186,36.26,38,7.41,5,0.97,21,4.09,16,3.12,3,0.58,1,0.19,5,0.97,0,0.0,0,0.0,0,0.0
41605,Engerwitzdorf,14.4140987,48.3313082,0,0.0,1161,19.7,1519,25.77,1650,27.99,619,10.5,85,1.44,109,1.85,583,9.89,56,0.95,61,1.03,48,0.81,0,0.0,3,0.05,0,0.0
41005,Enns,14.4580656,48.2114335,0,0.0,1525,26.99,1212,21.45,1597,28.26,483,8.55,118,2.09,117,2.07,452,8.0,34,0.6,40,0.71,43,0.76,0,0.0,30,0.53,0,0.0
30508,Ennsdorf,14.5010462,48.2161312,0,0.0,626,33.37,329,17.54,567,30.22,116,6.18,35,1.87,35,1.87,114,6.08,10,0.53,10,0.53,9,0.48,0,0.0,25,1.33,0,0.0
41408,Enzenkirchen,13.6529514,48.3927555,0,0.0,130,11.29,301,26.15,566,49.17,32,2.78,14,1.22,16,1.39,69,5.99,9,0.78,12,1.04,2,0.17,0,0.0,0,0.0,0,0.0
30509,Ernsthofen,14.4936093,48.1367921,0,0.0,364,23.81,429,28.06,443,28.97,82,5.36,34,2.22,38,2.49,117,7.65,3,0.2,7,0.46,12,0.78,0,0.0,0,0.0,0,0.0
30510,Ertl,14.6327963,47.969926,0,0.0,46,5.69,349,43.14,318,39.31,19,2.35,11,1.36,15,1.85,33,4.08,4,0.49,9,1.11,5,0.62,0,0.0,0,0.0,0,0.0
40804,Eschenau im Hausruckkreis,13.8054454,48.3973578,0,0.0,57,7.65,289,38.79,288,38.66,35,4.7,10,1.34,15,2.01,40,5.37,6,0.81,5,0.67,0,0.0,0,0.0,0,0.0,0,0.0
41409,Esternberg,13.5861319,48.5376379,0,0.0,139,7.97,683,39.16,651,37.33,87,4.99,20,1.15,26,1.49,101,5.79,11,0.63,12,0.69,11,0.63,0,0.0,3,0.17,0,0.0
50310,Eugendorf,13.148429,47.8592508,0,0.0,556,13.23,1434,34.11,1180,28.07,362,8.61,132,3.14,74,1.76,387,9.21,23,0.55,28,0.67,28,0.67,0,0.0,0,0.0,0,0.0
50311,Faistenau,13.2571892,47.76525,0,0.0,179,9.27,634,32.85,714,36.99,131,6.79,48,2.49,31,1.61,158,8.19,13,0.67,12,0.62,10,0.52,0,0.0,0,0.0,0,0.0
41606,Feldkirchen an der Donau,14.0674275,48.3565912,0,0.0,808,22.18,1037,28.47,992,27.23,296,8.13,53,1.45,79,2.17,295,8.1,30,0.82,34,0.93,18,0.49,0,0.0,1,0.03,0,0.0
40407,Feldkirchen bei Mattighofen,13.040349,48.0706748,0,0.0,121,9.58,329,26.05,604,47.82,60,4.75,22,1.74,21,1.66,81,6.41,11,0.87,8,0.63,5,0.4,0,0.0,1,0.08,0,0.0
41807,Fischlham,13.9502882,48.0937038,0,0.0,130,14.29,296,32.53,308,33.85,47,5.16,13,1.43,19,2.09,84,9.23,5,0.55,6,0.66,1,0.11,0,0.0,1,0.11,0,0.0
41708,Fornach,13.4127248,48.0314364,0,0.0,57,8.92,233,36.46,219,34.27,29,4.54,14,2.19,19,2.97,46,7.2,3,0.47,14,2.19,5,0.78,0,0.0,0,0.0,0,0.0
40504,Fraham,14.0203811,48.2840916,0,0.0,305,20.27,375,24.92,511,33.95,95,6.31,25,1.66,28,1.86,124,8.24,9,0.6,13,0.86,15,1.0,0,0.0,5,0.33,0,0.0
41709,Frankenburg am Hausruck,13.4759905,48.0708698,0,0.0,582,19.29,821,27.21,1068,35.4,137,4.54,54,1.79,93,3.08,201,6.66,28,0.93,18,0.6,10,0.33,0,0.0,5,0.17,0,0.0
41710,Frankenmarkt,13.4146632,47.9908332,0,0.0,341,18.2,521,27.8,626,33.4,125,6.67,38,2.03,47,2.51,132,7.04,13,0.69,20,1.07,7,0.37,0,0.0,4,0.21,0,0.0
40408,Franking,12.9186062,48.0547782,0,0.0,70,11.49,184,30.21,224,36.78,28,4.6,24,3.94,8,1.31,44,7.22,14,2.3,8,1.31,5,0.82,0,0.0,0,0.0,0,0.0
41410,Freinberg,13.5132258,48.5625864,0,0.0,96,13.64,295,41.9,226,32.1,33,4.69,5,0.71,8,1.14,34,4.83,5,0.71,2,0.28,0,0.0,0,0.0,0,0.0,0,0.0
40601,Freistadt,14.4881296,48.504485,0,0.0,1032,21.16,1251,25.65,1335,27.37,477,9.78,90,1.85,103,2.11,399,8.18,43,0.88,28,0.57,41,0.84,0,0.0,79,1.62,0,0.0
50312,Fuschl am See,13.3036794,47.7957076,0,0.0,94,10.13,360,38.79,230,24.78,88,9.48,15,1.62,14,1.51,111,11.96,4,0.43,9,0.97,3,0.32,0,0.0,0,0.0,0,0.0
41505,Gaflenz,14.7004384,47.8951117,0,0.0,204,16.05,411,32.34,415,32.65,75,5.9,22,1.73,16,1.26,93,7.32,16,1.26,16,1.26,3,0.24,0,0.0,0,0.0,0,0.0
41607,Gallneukirchen,14.4176946,48.3562129,0,0.0,994,23.79,1014,24.26,878,21.01,588,14.07,113,2.7,69,1.65,434,10.39,22,0.53,34,0.81,30,0.72,0,0.0,3,0.07,0,0.0
40805,Gallspach,13.8067647,48.2051564,0,0.0,228,17.62,336,25.97,448,34.62,97,7.5,31,2.4,37,2.86,90,6.96,14,1.08,8,0.62,3,0.23,0,0.0,2,0.15,0,0.0
41711,Gampern,13.5484715,47.99826,0,0.0,331,16.76,639,32.35,596,30.18,131,6.63,36,1.82,48,2.43,162,8.2,15,0.76,7,0.35,8,0.41,0,0.0,2,0.1,0,0.0
41506,Garsten,14.3989378,48.0001346,0,0.0,881,20.94,1129,26.84,1187,28.21,419,9.96,67,1.59,73,1.74,333,7.92,41,0.97,38,0.9,36,0.86,0,0.0,3,0.07,0,0.0
40806,Gaspoltshofen,13.724044,48.1447593,0,0.0,317,14.68,595,27.55,774,35.83,182,8.43,28,1.3,43,1.99,177,8.19,13,0.6,17,0.79,13,0.6,0,0.0,1,0.05,0,0.0
40807,Geboltskirchen,13.6375224,48.1500924,0,0.0,177,18.75,250,26.48,307,32.52,87,9.22,18,1.91,29,3.07,50,5.3,8,0.85,7,0.74,11,1.17,0,0.0,0,0.0,0,0.0
41206,Geiersberg,13.5983113,48.1969248,0,0.0,61,18.65,107,32.72,99,30.28,17,5.2,8,2.45,3,0.92,29,8.87,1,0.31,2,0.61,0,0.0,0,0.0,0,0.0,0,0.0
41207,Geinberg,13.2881182,48.2592597,0,0.0,120,14.89,213,26.43,329,40.82,53,6.58,11,1.36,11,1.36,48,5.96,9,1.12,7,0.87,4,0.5,0,0.0,1,0.12,0,0.0
40409,Geretsberg,12.9119189,48.090679,0,0.0,69,10.73,221,34.37,248,38.57,32,4.98,10,1.56,9,1.4,34,5.29,11,1.71,3,0.47,6,0.93,0,0.0,0,0.0,0,0.0
40410,Gilgenberg am Weilhart,12.9348915,48.1375312,0,0.0,69,8.82,276,35.29,323,41.3,24,3.07,11,1.41,19,2.43,39,4.99,11,1.41,9,1.15,1,0.13,0,0.0,0,0.0,0,0.0
40705,Gmunden,13.8241877,47.8754303,0,0.0,1263,18.04,1857,26.53,1636,23.37,946,13.51,130,1.86,129,1.84,891,12.73,53,0.76,30,0.43,48,0.69,0,0.0,17,0.24,0,0.0
41608,Goldwörth,14.106124,48.3238801,0,0.0,88,15.77,210,37.63,117,20.97,62,11.11,14,2.51,15,2.69,36,6.45,6,1.08,3,0.54,7,1.25,0,0.0,0,0.0,0,0.0
41609,Gramastetten,14.1836429,48.3779882,0,0.0,515,15.27,1155,34.24,676,20.04,468,13.87,55,1.63,49,1.45,397,11.77,23,0.68,20,0.59,13,0.39,0,0.0,2,0.06,0,0.0
41105,Grein,14.8454686,48.2313425,0,0.0,345,19.5,467,26.4,589,33.3,106,5.99,31,1.75,33,1.87,158,8.93,17,0.96,11,0.62,11,0.62,0,0.0,1,0.06,0,0.0
40808,Grieskirchen,13.8240868,48.2346633,0,0.0,478,18.15,722,27.41,735,27.9,299,11.35,48,1.82,37,1.4,250,9.49,15,0.57,14,0.53,10,0.38,0,0.0,26,0.99,0,0.0
32508,Groß Gerungs,14.9634187,48.5718909,0,0.0,305,10.18,1279,42.69,981,32.74,124,4.14,38,1.27,54,1.8,169,5.64,6,0.2,23,0.77,17,0.57,0,0.0,0,0.0,0,0.0
50315,Großgmain,12.9440831,47.7319167,0,0.0,188,13.41,447,31.88,427,30.46,128,9.13,31,2.21,20,1.43,132,9.42,14,1.0,6,0.43,9,0.64,0,0.0,0,0.0,0,0.0
41507,Großraming,14.5391076,47.8606573,0,0.0,428,23.36,567,30.95,510,27.84,116,6.33,28,1.53,26,1.42,111,6.06,25,1.36,14,0.76,5,0.27,0,0.0,2,0.11,0,0.0
50314,Grödig,13.011093,47.7358403,0,0.0,749,19.8,1001,26.47,983,25.99,327,8.65,173,4.57,67,1.77,415,10.97,14,0.37,32,0.85,21,0.56,0,0.0,0,0.0,0,0.0
40707,Grünau im Almtal,13.9654255,47.793386,0,0.0,292,22.44,287,22.06,450,34.59,92,7.07,10,0.77,20,1.54,122,9.38,9,0.69,7,0.54,10,0.77,0,0.0,2,0.15,0,0.0
40602,Grünbach,14.5340066,48.5490561,0,0.0,227,18.58,357,29.21,423,34.62,65,5.32,16,1.31,30,2.45,79,6.46,14,1.15,3,0.25,7,0.57,0,0.0,1,0.08,0,0.0
40902,Grünburg,14.217957,47.9239507,0,0.0,428,20.14,520,24.47,816,38.4,112,5.27,32,1.51,40,1.88,126,5.93,22,1.04,17,0.8,6,0.28,0,0.0,6,0.28,0,0.0
40708,Gschwandt,13.8427051,47.9340894,0,0.0,341,18.02,536,28.33,567,29.97,176,9.3,27,1.43,32,1.69,164,8.67,17,0.9,16,0.85,16,0.85,0,0.0,0,0.0,0,0.0
41808,Gunskirchen,13.9309868,48.1478418,0,0.0,779,20.74,949,25.27,1248,33.23,262,6.98,51,1.36,78,2.08,307,8.17,18,0.48,24,0.64,23,0.61,0,0.0,17,0.45,0,0.0
41208,Gurten,13.3492929,48.2472942,0,0.0,137,18.49,222,29.96,246,33.2,50,6.75,9,1.21,23,3.1,39,5.26,3,0.4,7,0.94,2,0.27,0,0.0,3,0.4,0,0.0
40603,Gutau,14.6031038,48.4252467,0,0.0,413,22.12,652,34.92,500,26.78,111,5.95,30,1.61,30,1.61,94,5.03,11,0.59,19,1.02,5,0.27,0,0.0,2,0.11,0,0.0
50313,Göming,12.9659188,47.9549369,0,0.0,47,8.92,218,41.37,147,27.89,43,8.16,9,1.71,7,1.33,46,8.73,0,0.0,9,1.71,1,0.19,0,0.0,0,0.0,0,0.0
40809,Haag am Hausruck,13.6340766,48.1860468,0,0.0,242,17.95,398,29.53,380,28.19,136,10.09,20,1.48,34,2.52,106,7.86,13,0.96,6,0.45,12,0.89,0,0.0,1,0.07,0,0.0
40604,Hagenberg im Mühlkreis,14.5130836,48.3835264,0,0.0,462,23.73,420,21.57,536,27.53,208,10.68,43,2.21,40,2.05,196,10.07,10,0.51,15,0.77,15,0.77,0,0.0,2,0.1,0,0.0
41610,Haibach im Mühlkreis,14.3600553,48.4379626,0,0.0,104,15.88,209,31.91,209,31.91,47,7.18,9,1.37,15,2.29,47,7.18,7,1.07,6,0.92,2,0.31,0,0.0,0,0.0,0,0.0
40505,Haibach ob der Donau,13.902089,48.4215472,0,0.0,171,19.48,245,27.9,300,34.17,55,6.26,5,0.57,13,1.48,71,8.09,8,0.91,5,0.57,4,0.46,0,0.0,1,0.11,0,0.0
30515,Haidershofen,14.5031562,48.0740944,0,0.0,578,22.97,694,27.58,816,32.43,144,5.72,33,1.31,40,1.59,157,6.24,16,0.64,11,0.44,24,0.95,0,0.0,3,0.12,0,0.0
40411,Haigermoos,12.8818903,48.0419232,0,0.0,37,9.97,131,35.31,118,31.81,28,7.55,10,2.7,10,2.7,32,8.63,4,1.08,1,0.27,0,0.0,0,0.0,0,0.0,0,0.0
50316,Hallwang,13.0874933,47.8476781,0,0.0,372,14.61,829,32.56,641,25.18,255,10.02,84,3.3,42,1.65,285,11.19,15,0.59,8,0.31,15,0.59,0,0.0,0,0.0,0,0.0
40412,Handenberg,12.9940568,48.1448141,0,0.0,73,9.03,270,33.42,325,40.22,30,3.71,16,1.98,16,1.98,58,7.18,10,1.24,6,0.74,4,0.5,0,0.0,0,0.0,0,0.0
41006,Hargelsberg,14.4219069,48.1511248,0,0.0,199,21.33,289,30.98,267,28.62,48,5.14,14,1.5,8,0.86,87,9.32,8,0.86,6,0.64,7,0.75,0,0.0,0,0.0,0,0.0
40506,Hartkirchen,13.9771452,48.3775396,0,0.0,494,18.38,737,27.42,959,35.68,161,5.99,47,1.75,45,1.67,199,7.4,15,0.56,16,0.6,15,0.56,0,0.0,0,0.0,0,0.0
41309,Haslach an der Mühl,14.0446996,48.5710582,0,0.0,338,21.27,419,26.37,432,27.19,168,10.57,31,1.95,27,1.7,140,8.81,17,1.07,8,0.5,8,0.5,0,0.0,1,0.06,0,0.0
40810,Heiligenberg,13.8168978,48.3609999,0,0.0,40,8.13,199,40.45,176,35.77,23,4.67,4,0.81,13,2.64,26,5.28,4,0.81,1,0.2,6,1.22,0,0.0,0,0.0,0,0.0
41345,Helfenberg,14.1527254,48.5341022,0,0.0,136,13.43,332,32.77,325,32.08,44,4.34,17,1.68,23,2.27,112,11.06,10,0.99,9,0.89,5,0.49,0,0.0,0,0.0,0,0.0
41611,Hellmonsödt,14.3188782,48.4274148,0,0.0,244,15.72,424,27.32,417,26.87,177,11.4,25,1.61,32,2.06,178,11.47,16,1.03,23,1.48,16,1.03,0,0.0,0,0.0,0,0.0
40413,Helpfau-Uttendorf,13.1331384,48.1599706,0,0.0,222,13.37,584,35.16,624,37.57,52,3.13,33,1.99,23,1.38,88,5.3,14,0.84,14,0.84,5,0.3,0,0.0,2,0.12,0,0.0
50317,Henndorf am Wallersee,13.201521,47.8959061,0,0.0,413,13.68,997,33.04,846,28.03,258,8.55,86,2.85,52,1.72,306,10.14,16,0.53,25,0.83,19,0.63,0,0.0,0,0.0,0,0.0
41612,Herzogsdorf,14.1330575,48.4232526,0,0.0,243,13.22,630,34.28,596,32.43,134,7.29,18,0.98,39,2.12,128,6.96,26,1.41,17,0.92,6,0.33,0,0.0,1,0.05,0,0.0
50318,Hintersee,13.2888473,47.7154122,0,0.0,35,11.44,118,38.56,108,35.29,8,2.61,0,0.0,6,1.96,28,9.15,0,0.0,3,0.98,0,0.0,0,0.0,0,0.0,0,0.0
40507,Hinzenbach,13.982973,48.3022087,0,0.0,253,19.64,408,31.68,391,30.36,73,5.67,18,1.4,19,1.48,105,8.15,8,0.62,10,0.78,2,0.16,0,0.0,1,0.08,0,0.0
40605,Hirschbach im Mühlkreis,14.4086679,48.4894082,0,0.0,135,17.0,280,35.26,170,21.41,68,8.56,12,1.51,7,0.88,99,12.47,8,1.01,4,0.5,10,1.26,0,0.0,1,0.13,0,0.0
40414,Hochburg-Ach,12.8533452,48.1382565,0,0.0,222,14.36,531,34.35,460,29.75,110,7.12,27,1.75,35,2.26,106,6.86,21,1.36,14,0.91,18,1.16,0,0.0,2,0.13,0,0.0
50319,Hof bei Salzburg,13.2145271,47.8116855,0,0.0,244,11.97,625,30.67,580,28.46,223,10.94,59,2.89,42,2.06,223,10.94,12,0.59,16,0.79,14,0.69,0,0.0,0,0.0,0,0.0
40811,Hofkirchen an der Trattnach,13.7273964,48.2198105,0,0.0,131,12.98,358,35.48,349,34.59,51,5.05,13,1.29,22,2.18,65,6.44,11,1.09,4,0.4,4,0.4,0,0.0,1,0.1,0,0.0
41312,Hofkirchen im Mühlkreis,13.8186042,48.4703312,0,0.0,141,14.75,328,34.31,278,29.08,79,8.26,8,0.84,20,2.09,83,8.68,4,0.42,9,0.94,6,0.63,0,0.0,0,0.0,0,0.0
41008,Hofkirchen im Traunkreis,14.3709738,48.1464298,0,0.0,263,20.63,314,24.63,352,27.61,117,9.18,24,1.88,28,2.2,151,11.84,10,0.78,7,0.55,9,0.71,0,0.0,0,0.0,0,0.0
41209,Hohenzell,13.5375275,48.2043661,0,0.0,134,8.89,543,36.01,435,28.85,147,9.75,16,1.06,25,1.66,161,10.68,23,1.53,9,0.6,9,0.6,0,0.0,6,0.4,0,0.0
30516,Hollenstein an der Ybbs,14.78215,47.7968959,0,0.0,261,23.35,381,34.08,298,26.65,46,4.11,11,0.98,24,2.15,76,6.8,4,0.36,7,0.63,10,0.89,0,0.0,0,0.0,0,0.0
41809,Holzhausen,14.0924279,48.2293916,0,0.0,127,17.89,167,23.52,246,34.65,53,7.46,12,1.69,23,3.24,74,10.42,3,0.42,3,0.42,2,0.28,0,0.0,0,0.0,0,0.0
40415,Höhnhart,13.2570671,48.1637759,0,0.0,117,13.56,236,27.35,425,49.25,28,3.24,11,1.27,9,1.04,22,2.55,11,1.27,1,0.12,3,0.35,0,0.0,0,0.0,0,0.0
41311,Hörbich,13.9124581,48.5191614,0,0.0,18,6.92,104,40.0,107,41.15,12,4.62,3,1.15,3,1.15,8,3.08,3,1.15,1,0.38,1,0.38,0,0.0,0,0.0,0,0.0
41007,Hörsching,14.1782661,48.2206385,0,0.0,698,19.68,834,23.52,1278,36.04,223,6.29,73,2.06,64,1.8,302,8.52,27,0.76,20,0.56,14,0.39,0,0.0,13,0.37,0,0.0
41712,Innerschwand am Mondsee,13.4118292,47.8347536,0,0.0,81,10.69,271,35.75,227,29.95,66,8.71,19,2.51,18,2.37,58,7.65,8,1.06,4,0.53,5,0.66,0,0.0,1,0.13,0,0.0
40904,Inzersdorf im Kremstal,14.0766497,47.9246135,0,0.0,183,15.74,344,29.58,401,34.48,74,6.36,32,2.75,22,1.89,73,6.28,16,1.38,9,0.77,7,0.6,0,0.0,2,0.17,0,0.0
40416,Jeging,13.145489,48.0499124,0,0.0,66,14.8,131,29.37,174,39.01,15,3.36,15,3.36,8,1.79,28,6.28,5,1.12,3,0.67,1,0.22,0,0.0,0,0.0,0,0.0
41313,Julbach,13.850259,48.6612572,0,0.0,215,21.46,269,26.85,356,35.53,33,3.29,21,2.1,13,1.3,67,6.69,15,1.5,8,0.8,3,0.3,0,0.0,2,0.2,0,0.0
40812,Kallham,13.6935205,48.285569,0,0.0,257,16.81,485,31.72,484,31.65,88,5.76,29,1.9,31,2.03,129,8.44,13,0.85,9,0.59,4,0.26,0,0.0,0,0.0,0,0.0
40606,Kaltenberg,14.7650395,48.4673986,0,0.0,27,6.07,223,50.11,142,31.91,11,2.47,1,0.22,11,2.47,23,5.17,5,1.12,2,0.45,0,0.0,0,0.0,0,0.0,0,0.0
41106,Katsdorf,14.4901715,48.3060751,0,0.0,546,25.37,540,25.09,558,25.93,192,8.92,26,1.21,40,1.86,209,9.71,11,0.51,18,0.84,11,0.51,0,0.0,1,0.05,0,0.0
40607,Kefermarkt,14.5143782,48.4474439,0,0.0,305,20.89,413,28.29,445,30.48,108,7.4,30,2.05,20,1.37,114,7.81,7,0.48,12,0.82,6,0.41,0,0.0,0,0.0,0,0.0
40813,Kematen am Innbach,13.8449097,48.1825259,0,0.0,139,16.51,208,24.7,330,39.19,47,5.58,15,1.78,20,2.38,61,7.24,9,1.07,5,0.59,6,0.71,0,0.0,2,0.24,0,0.0
41009,Kematen an der Krems,14.1737948,48.1018838,0,0.0,329,18.39,468,26.16,600,33.54,112,6.26,22,1.23,39,2.18,183,10.23,11,0.61,12,0.67,11,0.61,0,0.0,2,0.11,0,0.0
40417,Kirchberg bei Mattighofen,13.0940065,48.0434099,0,0.0,62,8.19,263,34.74,286,37.78,39,5.15,18,2.38,22,2.91,53,7.0,6,0.79,6,0.79,2,0.26,0,0.0,0,0.0,0,0.0
41314,Kirchberg ob der Donau,13.946448,48.436405,0,0.0,118,16.53,268,37.54,201,28.15,38,5.32,12,1.68,9,1.26,57,7.98,4,0.56,3,0.42,4,0.56,0,0.0,0,0.0,0,0.0
41010,Kirchberg-Thening,14.1435725,48.2590671,0,0.0,425,25.49,334,20.04,427,25.61,166,9.96,13,0.78,21,1.26,236,14.16,13,0.78,18,1.08,14,0.84,0,0.0,0,0.0,0,0.0
41210,Kirchdorf am Inn,13.2828897,48.2918241,0,0.0,35,8.47,151,36.56,159,38.5,30,7.26,7,1.69,4,0.97,21,5.08,2,0.48,2,0.48,2,0.48,0,0.0,0,0.0,0,0.0
40905,Kirchdorf an der Krems,14.1178199,47.902819,0,0.0,677,27.2,561,22.54,665,26.72,255,10.25,50,2.01,54,2.17,180,7.23,19,0.76,8,0.32,14,0.56,0,0.0,6,0.24,0,0.0
40710,Kirchham,13.9071953,47.9532876,0,0.0,140,10.13,469,33.94,514,37.19,76,5.5,22,1.59,28,2.03,98,7.09,18,1.3,7,0.51,5,0.36,0,0.0,5,0.36,0,0.0
41211,Kirchheim im Innkreis,13.3702727,48.2051201,0,0.0,61,11.28,167,30.87,220,40.67,39,7.21,3,0.55,7,1.29,39,7.21,3,0.55,2,0.37,0,0.0,0,0.0,0,0.0,0,0.0
41613,Kirchschlag bei Linz,14.2760067,48.4140219,0,0.0,204,14.58,429,30.66,357,25.52,162,11.58,23,1.64,25,1.79,162,11.58,15,1.07,8,0.57,14,1.0,0,0.0,0,0.0,0,0.0
41315,Klaffer am Hochficht,13.8809906,48.721537,0,0.0,86,10.31,283,33.93,378,45.32,23,2.76,11,1.32,6,0.72,32,3.84,5,0.6,6,0.72,3,0.36,0,0.0,1,0.12,0,0.0
41107,Klam,14.7822985,48.2300794,0,0.0,116,16.79,193,27.93,260,37.63,42,6.08,12,1.74,18,2.6,35,5.07,4,0.58,10,1.45,1,0.14,0,0.0,0,0.0,0,0.0
40906,Klaus an der Pyhrnbahn,14.0940819,47.788327,0,0.0,243,35.95,132,19.53,217,32.1,19,2.81,6,0.89,9,1.33,38,5.62,4,0.59,5,0.74,3,0.44,0,0.0,0,0.0,0,0.0
41316,Kleinzell im Mühlkreis,13.998634,48.4621269,0,0.0,218,20.24,332,30.83,255,23.68,103,9.56,17,1.58,22,2.04,100,9.29,8,0.74,9,0.84,10,0.93,0,0.0,3,0.28,0,0.0
41317,Kollerschlag,13.8367248,48.5996216,0,0.0,147,15.06,366,37.5,374,38.32,25,2.56,8,0.82,10,1.02,32,3.28,6,0.61,6,0.61,2,0.2,0,0.0,0,0.0,0,0.0
41411,Kopfing im Innkreis,13.6622159,48.445601,0,0.0,109,8.38,378,29.05,585,44.97,69,5.3,12,0.92,32,2.46,83,6.38,11,0.85,13,1.0,8,0.61,0,0.0,1,0.08,0,0.0
50321,Koppl,13.132769,47.8170292,0,0.0,253,11.54,726,33.12,594,27.1,246,11.22,65,2.97,32,1.46,227,10.36,17,0.78,22,1.0,10,0.46,0,0.0,0,0.0,0,0.0
40907,Kremsmünster,14.1315838,48.0563901,0,0.0,583,16.45,1035,29.2,1109,31.28,290,8.18,54,1.52,59,1.66,332,9.37,31,0.87,17,0.48,33,0.93,0,0.0,2,0.06,0,0.0
41810,Krenglbach,13.9572183,48.2011324,0,0.0,439,20.87,541,25.73,609,28.96,187,8.89,31,1.47,40,1.9,226,10.75,9,0.43,9,0.43,8,0.38,0,0.0,4,0.19,0,0.0
50206,Krispl,13.207994,47.7124054,0,0.0,79,12.56,258,41.02,202,32.11,25,3.97,5,0.79,15,2.38,34,5.41,4,0.64,5,0.79,2,0.32,0,0.0,0,0.0,0,0.0
41011,Kronstorf,14.4548393,48.1355121,0,0.0,575,27.29,474,22.5,647,30.71,124,5.89,14,0.66,36,1.71,194,9.21,17,0.81,12,0.57,8,0.38,0,0.0,6,0.28,0,0.0
40608,Königswiesen,14.8418185,48.4052981,0,0.0,250,11.97,721,34.51,782,37.43,102,4.88,33,1.58,28,1.34,114,5.46,22,1.05,28,1.34,8,0.38,0,0.0,1,0.05,0,0.0
50320,Köstendorf,13.1800958,47.9494375,0,0.0,209,12.9,595,36.73,473,29.2,131,8.09,37,2.28,21,1.3,124,7.65,9,0.56,9,0.56,12,0.74,0,0.0,0,0.0,0,0.0
40711,Laakirchen,13.8388135,47.9791636,0,0.0,1338,26.27,1032,20.26,1709,33.55,315,6.18,87,1.71,123,2.41,366,7.18,50,0.98,29,0.57,26,0.51,0,0.0,19,0.37,0,0.0
41811,Lambach,13.8650915,48.0930653,0,0.0,364,20.96,430,24.76,571,32.87,133,7.66,44,2.53,28,1.61,130,7.48,6,0.35,13,0.75,14,0.81,0,0.0,4,0.23,0,0.0
41212,Lambrechten,13.5144161,48.3159495,0,0.0,81,9.51,305,35.8,339,39.79,25,2.93,4,0.47,21,2.46,61,7.16,12,1.41,2,0.23,2,0.23,0,0.0,0,0.0,0,0.0
50322,Lamprechtshausen,12.9632014,47.9951536,0,0.0,329,14.27,704,30.53,745,32.31,177,7.68,59,2.56,51,2.21,206,8.93,10,0.43,18,0.78,7,0.3,0,0.0,0,0.0,0,0.0
41109,Langenstein,14.4662636,48.2566643,0,0.0,468,29.38,301,18.9,499,31.32,115,7.22,27,1.69,33,2.07,110,6.91,13,0.82,19,1.19,1,0.06,0,0.0,7,0.44,0,0.0
32516,Langschlag,14.8591997,48.5729376,0,0.0,135,11.54,462,39.49,445,38.03,25,2.14,9,0.77,15,1.28,61,5.21,7,0.6,8,0.68,3,0.26,0,0.0,0,0.0,0,0.0
40609,Lasberg,14.5487479,48.4793881,0,0.0,344,17.57,657,33.55,523,26.71,165,8.43,24,1.23,35,1.79,165,8.43,11,0.56,15,0.77,17,0.87,0,0.0,2,0.1,0,0.0
41508,Laussa,14.4757292,47.9438379,0,0.0,130,15.17,256,29.87,310,36.17,48,5.6,15,1.75,12,1.4,48,5.6,24,2.8,7,0.82,6,0.7,0,0.0,1,0.12,0,0.0
41318,Lembach im Mühlkreis,13.9112182,48.4929627,0,0.0,135,14.8,295,32.35,318,34.87,49,5.37,13,1.43,15,1.64,64,7.02,13,1.43,8,0.88,1,0.11,0,0.0,1,0.11,0,0.0
40418,Lengau,13.2538458,48.0280847,0,0.0,530,19.02,647,23.21,1072,38.46,162,5.81,63,2.26,51,1.83,185,6.64,23,0.83,32,1.15,14,0.5,0,0.0,8,0.29,0,0.0
41012,Leonding,14.2430126,48.2743645,0,0.0,3875,24.48,3560,22.49,3920,24.77,1698,10.73,338,2.14,230,1.45,1909,12.06,63,0.4,83,0.52,111,0.7,0,0.0,40,0.25,0,0.0
40610,Leopoldschlag,14.4877976,48.6154736,0,0.0,86,13.11,272,41.46,189,28.81,27,4.12,8,1.22,10,1.52,49,7.47,5,0.76,8,1.22,2,0.3,0,0.0,0,0.0,0,0.0
41319,Lichtenau im Mühlkreis,14.0539797,48.597235,0,0.0,49,14.89,131,39.82,120,36.47,6,1.82,6,1.82,3,0.91,10,3.04,3,0.91,0,0.0,1,0.3,0,0.0,0,0.0,0,0.0
41614,Lichtenberg,14.2557491,48.3660809,0,0.0,329,16.78,614,31.31,377,19.22,275,14.02,32,1.63,29,1.48,275,14.02,12,0.61,13,0.66,5,0.25,0,0.0,0,0.0,0,0.0
40611,Liebenau,14.8113072,48.519901,0,0.0,136,11.98,439,38.68,410,36.12,30,2.64,16,1.41,20,1.76,64,5.64,7,0.62,7,0.62,6,0.53,0,0.0,0,0.0,0,0.0
40101,Linz,14.3133381,48.2850491,0,0.0,26634,28.41,17568,18.74,21708,23.16,11347,12.1,3705,3.95,1522,1.62,9116,9.72,567,0.6,514,0.55,553,0.59,0,0.0,507,0.54,0,0.0
40419,Lochen am See,13.165238,48.0057757,0,0.0,213,11.88,536,29.89,677,37.76,88,4.91,33,1.84,50,2.79,143,7.98,21,1.17,15,0.84,16,0.89,0,0.0,1,0.06,0,0.0
41213,Lohnsburg am Kobernaußerwald,13.3754279,48.1259776,0,0.0,152,10.92,435,31.25,531,38.15,83,5.96,23,1.65,24,1.72,91,6.54,28,2.01,11,0.79,12,0.86,0,0.0,2,0.14,0,0.0
41509,Losenstein,14.4342656,47.9250969,0,0.0,281,25.45,258,23.37,334,30.25,85,7.7,22,1.99,27,2.45,80,7.25,7,0.63,4,0.36,5,0.45,0,0.0,1,0.09,0,0.0
41110,Luftenberg an der Donau,14.4225105,48.2703005,0,0.0,785,28.55,578,21.02,839,30.51,219,7.96,56,2.04,40,1.45,183,6.65,11,0.4,24,0.87,13,0.47,0,0.0,2,0.07,0,0.0
41714,Manning,13.666157,48.0694936,0,0.0,87,15.9,169,30.9,170,31.08,38,6.95,9,1.65,15,2.74,47,8.59,8,1.46,2,0.37,1,0.18,0,0.0,1,0.18,0,0.0
41812,Marchtrenk,14.1143785,48.1965464,0,0.0,1704,22.96,1336,18.0,2820,38.0,448,6.04,129,1.74,147,1.98,637,8.58,71,0.96,58,0.78,48,0.65,0,0.0,23,0.31,0,0.0
41510,Maria Neustift,14.598586,47.9343565,0,0.0,106,9.81,364,33.67,427,39.5,58,5.37,8,0.74,20,1.85,74,6.85,15,1.39,4,0.37,5,0.46,0,0.0,0,0.0,0,0.0
40420,Maria Schmolln,13.225491,48.1252724,0,0.0,124,13.93,341,38.31,283,31.8,45,5.06,10,1.12,16,1.8,51,5.73,8,0.9,12,1.35,0,0.0,0,0.0,0,0.0,0,0.0
40421,Mattighofen,13.1431323,48.1018797,0,0.0,486,19.78,590,24.01,895,36.43,175,7.12,44,1.79,56,2.28,149,6.06,20,0.81,16,0.65,12,0.49,0,0.0,14,0.57,0,0.0
50323,Mattsee,13.1056471,47.966885,0,0.0,273,13.18,770,37.18,463,22.36,203,9.8,61,2.95,43,2.08,218,10.53,13,0.63,12,0.58,15,0.72,0,0.0,0,0.0,0,0.0
40422,Mauerkirchen,13.1307381,48.1886983,0,0.0,204,18.89,244,22.59,421,38.98,60,5.56,21,1.94,21,1.94,87,8.06,8,0.74,8,0.74,4,0.37,0,0.0,2,0.19,0,0.0
41111,Mauthausen,14.5317706,48.2487304,0,0.0,773,29.48,623,23.76,649,24.75,192,7.32,63,2.4,49,1.87,216,8.24,15,0.57,23,0.88,9,0.34,0,0.0,10,0.38,0,0.0
41412,Mayrhof,13.5088819,48.3421756,0,0.0,17,7.52,104,46.02,82,36.28,8,3.54,0,0.0,3,1.33,9,3.98,2,0.88,0,0.0,1,0.44,0,0.0,0,0.0,0,0.0
40814,Meggenhofen,13.7913832,48.1772923,0,0.0,124,12.29,380,37.66,300,29.73,73,7.23,6,0.59,20,1.98,80,7.93,9,0.89,10,0.99,5,0.5,0,0.0,2,0.2,0,0.0
41214,Mehrnbach,13.424549,48.2064168,0,0.0,187,13.39,409,29.28,530,37.94,93,6.66,20,1.43,32,2.29,98,7.02,10,0.72,7,0.5,5,0.36,0,0.0,6,0.43,0,0.0
41215,Mettmach,13.3522402,48.1594564,0,0.0,193,13.08,388,26.29,687,46.54,45,3.05,17,1.15,27,1.83,80,5.42,20,1.36,15,1.02,4,0.27,0,0.0,0,0.0,0,0.0
40815,Michaelnbach,13.8158117,48.2886927,0,0.0,88,10.11,303,34.83,337,38.74,42,4.83,8,0.92,15,1.72,60,6.9,7,0.8,3,0.34,5,0.57,0,0.0,2,0.23,0,0.0
40908,Micheldorf in Oberösterreich,14.1379061,47.8759603,0,0.0,921,26.21,766,21.8,1035,29.45,287,8.17,69,1.96,50,1.42,313,8.91,32,0.91,11,0.31,22,0.63,0,0.0,8,0.23,0,0.0
40423,Mining,13.1669149,48.2748631,0,0.0,118,15.49,244,32.02,243,31.89,72,9.45,9,1.18,10,1.31,53,6.96,7,0.92,3,0.39,3,0.39,0,0.0,0,0.0,0,0.0
41112,Mitterkirchen im Machland,14.6959208,48.1883694,0,0.0,218,18.94,389,33.8,370,32.15,45,3.91,14,1.22,24,2.09,71,6.17,4,0.35,11,0.96,4,0.35,0,0.0,1,0.09,0,0.0
40909,Molln,14.2902135,47.8476338,0,0.0,498,23.07,510,23.62,684,31.68,178,8.24,45,2.08,35,1.62,157,7.27,12,0.56,18,0.83,16,0.74,0,0.0,6,0.28,0,0.0
41715,Mondsee,13.3760532,47.8278535,0,0.0,219,12.01,540,29.61,504,27.63,202,11.07,51,2.8,34,1.86,248,13.6,15,0.82,5,0.27,5,0.27,0,0.0,1,0.05,0,0.0
40424,Moosbach,13.167509,48.2056364,0,0.0,54,9.47,152,26.67,277,48.6,21,3.68,6,1.05,7,1.23,45,7.89,5,0.88,1,0.18,1,0.18,0,0.0,1,0.18,0,0.0
40425,Moosdorf,12.9767039,48.044482,0,0.0,226,24.38,207,22.33,353,38.08,41,4.42,15,1.62,14,1.51,44,4.75,6,0.65,17,1.83,3,0.32,0,0.0,1,0.11,0,0.0
40426,Munderfing,13.1990695,48.062786,0,0.0,239,14.46,475,28.74,607,36.72,111,6.72,34,2.06,34,2.06,119,7.2,17,1.03,9,0.54,7,0.42,0,0.0,1,0.06,0,0.0
41216,Mörschwang,13.3750332,48.3034938,0,0.0,25,11.52,91,41.94,49,22.58,24,11.06,1,0.46,5,2.3,17,7.83,1,0.46,0,0.0,4,1.84,0,0.0,0,0.0,0,0.0
41217,Mühlheim am Inn,13.2214649,48.2821709,0,0.0,79,18.16,132,30.34,153,35.17,34,7.82,5,1.15,6,1.38,22,5.06,0,0.0,1,0.23,3,0.69,0,0.0,0,0.0,0,0.0
41113,Münzbach,14.729394,48.2629624,0,0.0,121,10.24,442,37.39,440,37.23,50,4.23,11,0.93,17,1.44,68,5.75,6,0.51,12,1.02,14,1.18,0,0.0,1,0.08,0,0.0
41413,Münzkirchen,13.5743463,48.4775915,0,0.0,210,12.75,561,34.06,628,38.13,86,5.22,23,1.4,30,1.82,87,5.28,6,0.36,9,0.55,7,0.43,0,0.0,0,0.0,0,0.0
41114,Naarn im Machlande,14.6230545,48.2156265,0,0.0,428,18.5,793,34.27,739,31.94,111,4.8,23,0.99,24,1.04,146,6.31,14,0.61,21,0.91,7,0.3,0,0.0,8,0.35,0,0.0
40816,Natternbach,13.7258875,48.4106701,0,0.0,243,16.02,450,29.66,606,39.95,60,3.96,13,0.86,30,1.98,69,4.55,26,1.71,6,0.4,13,0.86,0,0.0,1,0.07,0,0.0
41320,Nebelberg,13.8367677,48.6344698,0,0.0,65,15.78,179,43.45,114,27.67,21,5.1,3,0.73,5,1.21,10,2.43,9,2.18,1,0.24,5,1.21,0,0.0,0,0.0,0,0.0
41321,Neufelden,14.0148644,48.494741,0,0.0,102,14.11,259,35.82,174,24.07,97,13.42,9,1.24,8,1.11,55,7.61,11,1.52,3,0.41,4,0.55,0,0.0,1,0.14,0,0.0
41014,Neuhofen an der Krems,14.2194345,48.1418121,0,0.0,832,21.85,884,23.21,1013,26.6,445,11.69,78,2.05,82,2.15,400,10.5,31,0.81,15,0.39,27,0.71,0,0.0,1,0.03,0,0.0
41218,Neuhofen im Innkreis,13.4669072,48.1841294,0,0.0,255,16.21,465,29.56,461,29.31,145,9.22,19,1.21,14,0.89,174,11.06,23,1.46,7,0.45,7,0.45,0,0.0,3,0.19,0,0.0
40817,Neukirchen am Walde,13.7701753,48.4127538,0,0.0,135,12.63,359,33.58,399,37.32,55,5.14,13,1.22,26,2.43,52,4.86,12,1.12,11,1.03,5,0.47,0,0.0,2,0.19,0,0.0
40427,Neukirchen an der Enknach,13.0263286,48.1895014,0,0.0,179,13.37,409,30.55,537,40.1,50,3.73,17,1.27,19,1.42,94,7.02,14,1.05,9,0.67,7,0.52,0,0.0,4,0.3,0,0.0
41716,Neukirchen an der Vöckla,13.5360821,48.0457641,0,0.0,277,16.45,485,28.8,573,34.03,124,7.36,20,1.19,45,2.67,117,6.95,13,0.77,16,0.95,12,0.71,0,0.0,2,0.12,0,0.0
41813,Neukirchen bei Lambach,13.8192504,48.0991198,0,0.0,83,14.34,190,32.82,174,30.05,43,7.43,8,1.38,8,1.38,60,10.36,6,1.04,5,0.86,2,0.35,0,0.0,0,0.0,0,0.0
50324,Neumarkt am Wallersee,13.2414409,47.9277802,0,0.0,622,18.34,812,23.94,1135,33.46,304,8.96,76,2.24,41,1.21,338,9.96,21,0.62,16,0.47,27,0.8,0,0.0,0,0.0,0,0.0
40818,Neumarkt im Hausruckkreis,13.7286559,48.2745236,0,0.0,170,21.36,202,25.38,252,31.66,61,7.66,19,2.39,23,2.89,47,5.9,6,0.75,7,0.88,1,0.13,0,0.0,8,1.01,0,0.0
40612,Neumarkt im Mühlkreis,14.4652838,48.432057,0,0.0,447,20.68,634,29.32,535,24.75,228,10.55,38,1.76,58,2.68,164,7.59,17,0.79,13,0.6,27,1.25,0,0.0,1,0.05,0,0.0
30521,Neustadtl an der Donau,14.9170256,48.199966,0,0.0,185,12.04,587,38.22,550,35.81,49,3.19,17,1.11,18,1.17,88,5.73,13,0.85,16,1.04,12,0.78,0,0.0,1,0.07,0,0.0
41329,Neustift im Mühlkreis,13.7552682,48.5169587,0,0.0,121,13.5,407,45.42,191,21.32,61,6.81,12,1.34,22,2.46,58,6.47,12,1.34,7,0.78,4,0.45,0,0.0,1,0.11,0,0.0
41322,Niederkappel,13.881472,48.468985,0,0.0,48,7.23,253,38.1,252,37.95,27,4.07,18,2.71,18,2.71,31,4.67,6,0.9,7,1.05,4,0.6,0,0.0,0,0.0,0,0.0
41015,Niederneukirchen,14.3353976,48.1635611,0,0.0,257,17.98,466,32.61,400,27.99,119,8.33,17,1.19,16,1.12,131,9.17,8,0.56,8,0.56,7,0.49,0,0.0,0,0.0,0,0.0
41717,Niederthalheim,13.7489925,48.1008922,0,0.0,72,11.32,190,29.87,213,33.49,49,7.7,15,2.36,17,2.67,58,9.12,13,2.04,4,0.63,3,0.47,0,0.0,2,0.31,0,0.0
41323,Niederwaldkirchen,14.082851,48.4510935,0,0.0,217,17.71,424,34.61,326,26.61,99,8.08,14,1.14,22,1.8,84,6.86,15,1.22,11,0.9,13,1.06,0,0.0,0,0.0,0,0.0
40910,Nußbach,14.1586955,47.9712695,0,0.0,217,14.83,486,33.22,449,30.69,114,7.79,14,0.96,29,1.98,120,8.2,19,1.3,10,0.68,5,0.34,0,0.0,0,0.0,0,0.0
41718,Nußdorf am Attersee,13.5079088,47.8684041,0,0.0,59,8.75,260,38.58,200,29.67,52,7.72,9,1.34,9,1.34,73,10.83,4,0.59,5,0.74,3,0.45,0,0.0,0,0.0,0,0.0
50325,Nußdorf am Haunsberg,12.9982394,47.9549457,0,0.0,199,12.6,518,32.81,473,29.96,130,8.23,60,3.8,32,2.03,133,8.42,5,0.32,20,1.27,9,0.57,0,0.0,0,0.0,0,0.0
31528,Nöchling,14.9860748,48.2246,0,0.0,163,23.42,232,33.33,205,29.45,37,5.32,7,1.01,10,1.44,25,3.59,6,0.86,7,1.01,4,0.57,0,0.0,0,0.0,0,0.0
50208,Oberalm,13.1054082,47.7064763,0,0.0,439,17.12,805,31.38,598,23.31,318,12.4,80,3.12,40,1.56,247,9.63,13,0.51,13,0.51,12,0.47,0,0.0,0,0.0,0,0.0
41719,Oberhofen am Irrsee,13.3083204,47.9385472,0,0.0,155,15.45,306,30.51,343,34.2,68,6.78,17,1.69,9,0.9,80,7.98,6,0.6,10,1.0,9,0.9,0,0.0,0,0.0,0,0.0
41324,Oberkappel,13.8129795,48.5696747,0,0.0,37,8.79,207,49.17,127,30.17,12,2.85,5,1.19,3,0.71,20,4.75,4,0.95,5,1.19,0,0.0,0,0.0,1,0.24,0,0.0
41219,Obernberg am Inn,13.3279552,48.3199489,0,0.0,110,15.26,178,24.69,287,39.81,65,9.02,11,1.53,8,1.11,45,6.24,4,0.55,10,1.39,2,0.28,0,0.0,1,0.14,0,0.0
50326,Oberndorf bei Salzburg,12.9363331,47.9453584,0,0.0,619,20.95,722,24.43,822,27.82,299,10.12,138,4.67,54,1.83,260,8.8,14,0.47,12,0.41,15,0.51,0,0.0,0,0.0,0,0.0
41720,Oberndorf bei Schwanenstadt,13.7495825,48.061218,0,0.0,173,20.62,178,21.22,319,38.02,62,7.39,16,1.91,17,2.03,57,6.79,11,1.31,1,0.12,4,0.48,0,0.0,1,0.12,0,0.0
41615,Oberneukirchen,14.2099175,48.4761504,0,0.0,311,14.38,734,33.93,584,27.0,199,9.2,45,2.08,48,2.22,165,7.63,26,1.2,24,1.11,24,1.11,0,0.0,3,0.14,0,0.0
40911,Oberschlierbach,14.1615259,47.9284974,0,0.0,53,16.46,108,33.54,83,25.78,47,14.6,8,2.48,6,1.86,11,3.42,5,1.55,1,0.31,0,0.0,0,0.0,0,0.0,0,0.0
50327,Obertrum am See,13.0452133,47.9320149,0,0.0,319,10.93,1118,38.3,759,26.0,257,8.8,76,2.6,58,1.99,282,9.66,21,0.72,16,0.55,13,0.45,0,0.0,0,0.0,0,0.0
41721,Oberwang,13.4337383,47.8625831,0,0.0,66,6.08,404,37.24,423,38.99,52,4.79,14,1.29,33,3.04,61,5.62,12,1.11,11,1.01,9,0.83,0,0.0,0,0.0,0,0.0
41325,Oepping,13.9427502,48.593523,0,0.0,109,10.47,354,34.01,394,37.85,55,5.28,18,1.73,16,1.54,76,7.3,9,0.86,6,0.58,3,0.29,0,0.0,1,0.1,0,0.0
41814,Offenhausen,13.8419676,48.1542365,0,0.0,145,14.92,307,31.58,307,31.58,67,6.89,11,1.13,13,1.34,102,10.49,12,1.23,4,0.41,4,0.41,0,0.0,0,0.0,0,0.0
41016,Oftering,14.1278348,48.2349497,0,0.0,309,22.64,359,26.3,399,29.23,99,7.25,15,1.1,28,2.05,131,9.6,7,0.51,9,0.66,7,0.51,0,0.0,2,0.15,0,0.0
40713,Ohlsdorf,13.7766497,47.9675372,0,0.0,702,21.33,777,23.61,1055,32.06,249,7.57,46,1.4,59,1.79,329,10.0,31,0.94,17,0.52,23,0.7,0,0.0,3,0.09,0,0.0
30524,Opponitz,14.8208065,47.8747695,0,0.0,88,16.03,197,35.88,154,28.05,27,4.92,6,1.09,18,3.28,47,8.56,3,0.55,6,1.09,2,0.36,0,0.0,1,0.18,0,0.0
41220,Ort im Innkreis,13.4429451,48.3214062,0,0.0,82,11.11,194,26.29,316,42.82,49,6.64,12,1.63,7,0.95,60,8.13,6,0.81,6,0.81,5,0.68,0,0.0,1,0.14,0,0.0
40428,Ostermiething,12.8134603,48.0567312,0,0.0,224,12.93,574,33.12,587,33.87,95,5.48,35,2.02,33,1.9,128,7.39,20,1.15,21,1.21,14,0.81,0,0.0,2,0.12,0,0.0
41616,Ottenschlag im Mühlkreis,14.3831351,48.4579994,0,0.0,59,15.28,133,34.46,106,27.46,17,4.4,8,2.07,11,2.85,40,10.36,1,0.26,7,1.81,3,0.78,0,0.0,1,0.26,0,0.0
41617,Ottensheim,14.1804202,48.3345163,0,0.0,653,21.17,811,26.29,513,16.63,590,19.12,80,2.59,42,1.36,319,10.34,27,0.88,18,0.58,26,0.84,0,0.0,6,0.19,0,0.0
41722,Ottnang am Hausruck,13.6279706,48.1050646,0,0.0,517,22.2,479,20.57,882,37.87,154,6.61,35,1.5,61,2.62,149,6.4,17,0.73,20,0.86,14,0.6,0,0.0,1,0.04,0,0.0
41115,Pabneukirchen,14.8258628,48.3294345,0,0.0,131,12.0,392,35.9,412,37.73,43,3.94,7,0.64,10,0.92,68,6.23,12,1.1,12,1.1,5,0.46,0,0.0,0,0.0,0,0.0
40429,Palting,13.1143222,48.0139179,0,0.0,64,9.29,243,35.27,248,35.99,45,6.53,9,1.31,13,1.89,53,7.69,6,0.87,3,0.44,5,0.73,0,0.0,0,0.0,0,0.0
41017,Pasching,14.2077675,48.2533575,0,0.0,946,24.01,903,22.92,1084,27.51,331,8.4,73,1.85,78,1.98,429,10.89,25,0.63,27,0.69,23,0.58,0,0.0,21,0.53,0,0.0
41221,Pattigham,13.4913136,48.1622608,0,0.0,77,12.28,195,31.1,210,33.49,54,8.61,8,1.28,16,2.55,40,6.38,13,2.07,5,0.8,9,1.44,0,0.0,0,0.0,0,0.0
41326,Peilstein im Mühlviertel,13.8936981,48.6200786,0,0.0,131,12.87,388,38.11,344,33.79,44,4.32,11,1.08,14,1.38,60,5.89,11,1.08,5,0.49,9,0.88,0,0.0,1,0.1,0,0.0
41815,Pennewang,13.849911,48.1305456,0,0.0,79,12.34,230,35.94,197,30.78,36,5.63,8,1.25,13,2.03,63,9.84,6,0.94,3,0.47,5,0.78,0,0.0,0,0.0,0,0.0
41116,Perg,14.642255,48.2475641,0,0.0,1041,21.02,1299,26.23,1524,30.77,374,7.55,106,2.14,97,1.96,384,7.75,44,0.89,50,1.01,21,0.42,0,0.0,13,0.26,0,0.0
40430,Perwang am Grabensee,13.0750275,48.0169049,0,0.0,86,13.52,174,27.36,267,41.98,36,5.66,16,2.52,4,0.63,42,6.6,2,0.31,6,0.94,3,0.47,0,0.0,0,0.0,0,0.0
41222,Peterskirchen,13.5421774,48.2356774,0,0.0,37,8.2,189,41.91,138,30.6,22,4.88,8,1.77,9,2.0,34,7.54,5,1.11,4,0.89,5,1.11,0,0.0,0,0.0,0,0.0
40912,Pettenbach,14.0138959,47.9639923,0,0.0,485,14.81,729,22.27,1397,42.67,217,6.63,48,1.47,54,1.65,237,7.24,45,1.37,18,0.55,24,0.73,0,0.0,20,0.61,0,0.0
40835,Peuerbach,13.7618831,48.3320875,0,0.0,373,13.31,918,32.75,996,35.53,164,5.85,33,1.18,40,1.43,220,7.85,32,1.14,9,0.32,15,0.54,0,0.0,3,0.11,0,0.0
41723,Pfaffing,13.4629884,48.0192939,0,0.0,232,24.04,227,23.52,307,31.81,56,5.8,7,0.73,28,2.9,84,8.7,8,0.83,8,0.83,7,0.73,0,0.0,1,0.1,0,0.0
40431,Pfaffstätt,13.1342153,48.0767432,0,0.0,85,13.41,172,27.13,255,40.22,38,5.99,16,2.52,8,1.26,49,7.73,4,0.63,4,0.63,3,0.47,0,0.0,0,0.0,0,0.0
41511,Pfarrkirchen bei Bad Hall,14.187469,48.0205581,0,0.0,285,19.32,420,28.47,447,30.31,103,6.98,19,1.29,29,1.97,148,10.03,11,0.75,6,0.41,6,0.41,0,0.0,1,0.07,0,0.0
41327,Pfarrkirchen im Mühlkreis,13.8008424,48.5264197,0,0.0,97,10.72,397,43.87,249,27.51,60,6.63,17,1.88,15,1.66,55,6.08,6,0.66,6,0.66,3,0.33,0,0.0,0,0.0,0,0.0
41018,Piberbach,14.2235996,48.1060396,0,0.0,239,18.29,325,24.87,447,34.2,101,7.73,24,1.84,33,2.52,106,8.11,10,0.77,7,0.54,13,0.99,0,0.0,2,0.15,0,0.0
41816,Pichl bei Wels,13.89434,48.1914212,0,0.0,323,18.23,456,25.73,601,33.92,133,7.51,28,1.58,31,1.75,164,9.26,9,0.51,12,0.68,9,0.51,0,0.0,6,0.34,0,0.0
40613,Pierbach,14.7508647,48.3644735,0,0.0,72,10.93,211,32.02,279,42.34,28,4.25,8,1.21,10,1.52,25,3.79,9,1.37,13,1.97,4,0.61,0,0.0,0,0.0,0,0.0
41724,Pilsbach,13.665103,48.0366347,0,0.0,92,20.4,130,28.82,118,26.16,47,10.42,5,1.11,8,1.77,41,9.09,7,1.55,2,0.44,1,0.22,0,0.0,0,0.0,0,0.0
40714,Pinsdorf,13.743334,47.9324408,0,0.0,546,23.82,517,22.56,756,32.98,158,6.89,39,1.7,41,1.79,172,7.5,26,1.13,20,0.87,15,0.65,0,0.0,2,0.09,0,0.0
40432,Pischelsdorf am Engelbach,13.0790501,48.1205893,0,0.0,89,8.67,322,31.38,477,46.49,33,3.22,18,1.75,26,2.53,42,4.09,7,0.68,5,0.49,7,0.68,0,0.0,0,0.0,0,0.0
41725,Pitzenberg,13.7297568,48.0669322,0,0.0,56,15.3,106,28.96,120,32.79,33,9.02,4,1.09,10,2.73,26,7.1,6,1.64,2,0.55,2,0.55,0,0.0,1,0.27,0,0.0
50328,Plainfeld,13.1694405,47.8349629,0,0.0,90,11.06,306,37.59,239,29.36,47,5.77,24,2.95,17,2.09,82,10.07,5,0.61,3,0.37,1,0.12,0,0.0,0,0.0,0,0.0
40821,Pollham,13.861795,48.2617718,0,0.0,97,13.88,213,30.47,210,30.04,75,10.73,14,2.0,6,0.86,60,8.58,12,1.72,3,0.43,9,1.29,0,0.0,0,0.0,0,0.0
40433,Polling im Innkreis,13.2964743,48.2309859,0,0.0,75,12.54,167,27.93,269,44.98,28,4.68,11,1.84,11,1.84,26,4.35,5,0.84,2,0.33,4,0.67,0,0.0,0,0.0,0,0.0
40822,Pram,13.6054512,48.2304493,0,0.0,154,14.42,271,25.37,399,37.36,88,8.24,9,0.84,30,2.81,89,8.33,9,0.84,15,1.4,2,0.19,0,0.0,2,0.19,0,0.0
40508,Prambachkirchen,13.9118289,48.3081657,0,0.0,300,15.75,589,30.92,652,34.23,130,6.82,19,1.0,36,1.89,142,7.45,15,0.79,7,0.37,12,0.63,0,0.0,3,0.16,0,0.0
41223,Pramet,13.4973855,48.1290697,0,0.0,90,13.25,186,27.39,273,40.21,32,4.71,14,2.06,9,1.33,59,8.69,7,1.03,7,1.03,2,0.29,0,0.0,0,0.0,0,0.0
40614,Pregarten,14.5491752,48.3643221,0,0.0,879,24.37,928,25.73,1054,29.22,265,7.35,65,1.8,63,1.75,274,7.6,23,0.64,35,0.97,21,0.58,0,0.0,0,0.0,0,0.0
50209,Puch bei Hallein,13.1179562,47.7351519,0,0.0,459,16.84,863,31.67,619,22.72,317,11.63,85,3.12,61,2.24,270,9.91,13,0.48,18,0.66,20,0.73,0,0.0,0,0.0,0,0.0
41618,Puchenau,14.2300486,48.3220379,0,0.0,632,20.79,758,24.93,538,17.7,523,17.2,71,2.34,45,1.48,405,13.32,22,0.72,22,0.72,23,0.76,0,0.0,1,0.03,0,0.0
41727,Puchkirchen am Trattberg,13.5741506,48.0473262,0,0.0,108,16.56,218,33.44,174,26.69,50,7.67,11,1.69,12,1.84,62,9.51,10,1.53,3,0.46,4,0.61,0,0.0,0,0.0,0,0.0
41019,Pucking,14.2040036,48.1852169,0,0.0,432,16.97,558,21.93,1096,43.06,143,5.62,39,1.53,38,1.49,190,7.47,13,0.51,22,0.86,6,0.24,0,0.0,8,0.31,0,0.0
40509,Pupping,14.0241732,48.3229008,0,0.0,247,21.17,375,32.13,354,30.33,80,6.86,15,1.29,15,1.29,62,5.31,5,0.43,4,0.34,5,0.43,0,0.0,5,0.43,0,0.0
41328,Putzleinsdorf,13.8552194,48.5086245,0,0.0,89,8.83,390,38.69,324,32.14,74,7.34,12,1.19,15,1.49,70,6.94,25,2.48,7,0.69,2,0.2,0,0.0,0,0.0,0,0.0
41726,Pöndorf,13.3472742,48.0209674,0,0.0,209,14.72,415,29.23,612,43.1,49,3.45,20,1.41,26,1.83,69,4.86,6,0.42,12,0.85,1,0.07,0,0.0,1,0.07,0,0.0
40820,Pötting,13.7692652,48.2807615,0,0.0,44,10.81,196,48.16,103,25.31,20,4.91,1,0.25,8,1.97,28,6.88,3,0.74,3,0.74,0,0.0,0,0.0,1,0.25,0,0.0
41728,Pühret,13.7111605,48.0387397,0,0.0,76,19.1,122,30.65,131,32.91,28,7.04,8,2.01,3,0.75,19,4.77,6,1.51,3,0.75,2,0.5,0,0.0,0,0.0,0,0.0
41414,Raab,13.6457192,48.3526664,0,0.0,168,11.68,421,29.28,589,40.96,110,7.65,26,1.81,25,1.74,79,5.49,4,0.28,9,0.63,6,0.42,0,0.0,1,0.07,0,0.0
41415,Rainbach im Innkreis,13.5247637,48.4579639,0,0.0,117,11.4,363,35.38,410,39.96,45,4.39,15,1.46,11,1.07,54,5.26,3,0.29,6,0.58,1,0.1,0,0.0,1,0.1,0,0.0
40615,Rainbach im Mühlkreis,14.4494472,48.5654982,0,0.0,371,19.65,691,36.6,459,24.31,146,7.73,18,0.95,36,1.91,115,6.09,15,0.79,22,1.17,11,0.58,0,0.0,4,0.21,0,0.0
41117,Rechberg,14.7071195,48.3139732,0,0.0,81,12.39,286,43.73,173,26.45,36,5.5,8,1.22,13,1.99,33,5.05,9,1.38,10,1.53,4,0.61,0,0.0,1,0.15,0,0.0
41729,Redleiten,13.4291857,48.0820365,0,0.0,48,15.79,71,23.36,147,48.36,3,0.99,4,1.32,7,2.3,18,5.92,3,0.99,1,0.33,2,0.66,0,0.0,0,0.0,0,0.0
41730,Redlham,13.7461844,48.0346237,0,0.0,196,19.2,261,25.56,322,31.54,66,6.46,24,2.35,35,3.43,86,8.42,7,0.69,10,0.98,13,1.27,0,0.0,1,0.1,0,0.0
41731,Regau,13.7010933,47.9731808,0,0.0,774,19.18,940,23.29,1390,34.44,349,8.65,64,1.59,82,2.03,319,7.9,61,1.51,31,0.77,17,0.42,0,0.0,9,0.22,0,0.0
41619,Reichenau im Mühlkreis,14.3287566,48.472914,0,0.0,150,17.52,277,32.36,234,27.34,54,6.31,25,2.92,21,2.45,76,8.88,8,0.93,6,0.7,4,0.47,0,0.0,1,0.12,0,0.0
41620,Reichenthal,14.3765536,48.5530602,0,0.0,194,19.48,349,35.04,271,27.21,51,5.12,6,0.6,16,1.61,77,7.73,7,0.7,16,1.61,7,0.7,0,0.0,2,0.2,0,0.0
41512,Reichraming,14.4520195,47.8495233,0,0.0,386,33.65,198,17.26,403,35.14,40,3.49,24,2.09,13,1.13,53,4.62,11,0.96,8,0.7,8,0.7,0,0.0,3,0.26,0,0.0
41225,Ried im Innkreis,13.481624,48.2090241,0,0.0,1068,19.41,1358,24.69,1632,29.67,517,9.4,113,2.05,130,2.36,531,9.65,49,0.89,24,0.44,24,0.44,0,0.0,55,1.0,0,0.0
40913,Ried im Traunkreis,14.0665819,48.0253406,0,0.0,204,11.82,528,30.59,613,35.52,119,6.89,28,1.62,28,1.62,151,8.75,17,0.98,15,0.87,15,0.87,0,0.0,8,0.46,0,0.0
41118,Ried in der Riedmark,14.5282253,48.288108,0,0.0,774,26.88,732,25.42,757,26.28,245,8.51,53,1.84,58,2.01,204,7.08,16,0.56,26,0.9,11,0.38,0,0.0,4,0.14,0,0.0
41416,Riedau,13.6396284,48.2990596,0,0.0,209,17.49,320,26.78,436,36.49,73,6.11,20,1.67,28,2.34,79,6.61,9,0.75,9,0.75,3,0.25,0,0.0,9,0.75,0,0.0
41513,Rohr im Kremstal,14.1985975,48.065709,0,0.0,163,18.69,278,31.88,257,29.47,66,7.57,17,1.95,10,1.15,65,7.45,5,0.57,5,0.57,3,0.34,0,0.0,3,0.34,0,0.0
41344,Rohrbach-Berg,13.993649,48.5777708,0,0.0,481,15.21,1052,33.26,842,26.62,289,9.14,48,1.52,65,2.06,301,9.52,38,1.2,27,0.85,18,0.57,0,0.0,2,0.06,0,0.0
40715,Roitham am Traunfall,13.8366539,48.0239719,0,0.0,275,20.43,344,25.56,458,34.03,74,5.5,18,1.34,36,2.67,108,8.02,21,1.56,5,0.37,5,0.37,0,0.0,2,0.15,0,0.0
40823,Rottenbach,13.6707803,48.2147609,0,0.0,91,12.53,165,22.73,319,43.94,38,5.23,18,2.48,13,1.79,52,7.16,10,1.38,6,0.83,13,1.79,0,0.0,1,0.14,0,0.0
40434,Roßbach,13.2427427,48.2027639,0,0.0,65,11.21,164,28.28,262,45.17,29,5.0,7,1.21,11,1.9,31,5.34,2,0.34,3,0.52,5,0.86,0,0.0,1,0.17,0,0.0
41733,Rutzenham,13.7015803,48.0550492,0,0.0,24,12.18,56,28.43,60,30.46,21,10.66,4,2.03,4,2.03,18,9.14,7,3.55,1,0.51,2,1.02,0,0.0,0,0.0,0,0.0
41732,Rüstorf,13.8029225,48.0479166,0,0.0,273,20.71,291,22.08,453,34.37,89,6.75,33,2.5,31,2.35,114,8.65,13,0.99,10,0.76,9,0.68,0,0.0,2,0.15,0,0.0
50101,Salzburg,13.0437628,47.7982375,0,0.0,13956,20.77,17430,25.95,14107,21.0,9054,13.48,4174,6.21,753,1.12,6685,9.95,224,0.33,344,0.51,451,0.67,0,0.0,0,0.0,0,0.0
40616,Sandl,14.6576178,48.5600051,0,0.0,217,22.82,232,24.4,312,32.81,52,5.47,21,2.21,27,2.84,55,5.78,18,1.89,9,0.95,7,0.74,0,0.0,1,0.11,0,0.0
41338,Sarleinsbach,13.9040459,48.5617243,0,0.0,142,9.65,579,39.36,462,31.41,107,7.27,14,0.95,13,0.88,106,7.21,26,1.77,14,0.95,8,0.54,0,0.0,0,0.0,0,0.0
41817,Sattledt,14.0516034,48.0735244,0,0.0,224,15.51,428,29.64,513,35.53,79,5.47,21,1.45,21,1.45,134,9.28,7,0.48,8,0.55,7,0.48,0,0.0,2,0.14,0,0.0
41123,Saxen,14.7967957,48.2029219,0,0.0,232,21.48,293,27.13,391,36.2,46,4.26,19,1.76,14,1.3,62,5.74,10,0.93,9,0.83,4,0.37,0,0.0,0,0.0,0,0.0
40441,Schalchen,13.1752835,48.1116305,0,0.0,400,18.75,508,23.82,778,36.47,150,7.03,47,2.2,49,2.3,136,6.38,36,1.69,14,0.66,12,0.56,0,0.0,3,0.14,0,0.0
41423,Schardenberg,13.4990753,48.5259023,0,0.0,137,10.16,560,41.51,445,32.99,80,5.93,21,1.56,18,1.33,68,5.04,7,0.52,8,0.59,4,0.3,0,0.0,1,0.07,0,0.0
40719,Scharnstein,13.9390253,47.8998573,0,0.0,607,20.79,696,23.84,912,31.24,265,9.08,43,1.47,61,2.09,260,8.91,30,1.03,12,0.41,30,1.03,0,0.0,3,0.1,0,0.0
40511,Scharten,14.0061384,48.254995,0,0.0,333,21.31,347,22.2,557,35.64,120,7.68,20,1.28,25,1.6,126,8.06,10,0.64,7,0.45,13,0.83,0,0.0,5,0.32,0,0.0
41622,Schenkenfelden,14.3526187,48.5091128,0,0.0,149,13.21,437,38.74,309,27.39,71,6.29,14,1.24,26,2.3,102,9.04,11,0.98,5,0.44,4,0.35,0,0.0,0,0.0,0,0.0
41515,Schiedlberg,14.2847189,48.0864458,0,0.0,86,10.25,356,42.43,231,27.53,56,6.67,16,1.91,11,1.31,68,8.1,7,0.83,6,0.72,2,0.24,0,0.0,0,0.0,0,0.0
41229,Schildorn,13.4585,48.1384418,0,0.0,126,15.77,262,32.79,258,32.29,46,5.76,9,1.13,13,1.63,64,8.01,10,1.25,6,0.75,4,0.5,0,0.0,1,0.13,0,0.0
41736,Schlatt,13.7890649,48.0765504,0,0.0,154,18.94,237,29.15,237,29.15,69,8.49,13,1.6,22,2.71,61,7.5,5,0.62,9,1.11,5,0.62,0,0.0,1,0.12,0,0.0
50331,Schleedorf,13.1469985,47.9573597,0,0.0,65,9.38,226,32.61,277,39.97,35,5.05,17,2.45,12,1.73,44,6.35,1,0.14,6,0.87,10,1.44,0,0.0,0,0.0,0,0.0
41818,Schleißheim,14.077029,48.1500969,0,0.0,134,14.74,258,28.38,275,30.25,90,9.9,17,1.87,11,1.21,100,11.0,5,0.55,8,0.88,11,1.21,0,0.0,0,0.0,0,0.0
40917,Schlierbach,14.1064519,47.9430018,0,0.0,323,18.07,465,26.02,539,30.16,197,11.02,35,1.96,18,1.01,167,9.35,21,1.18,15,0.84,5,0.28,0,0.0,2,0.11,0,0.0
40827,Schlüßlberg,13.8650093,48.2246031,0,0.0,534,27.8,430,22.38,587,30.56,129,6.72,36,1.87,29,1.51,137,7.13,13,0.68,16,0.83,4,0.21,0,0.0,6,0.31,0,0.0
40442,Schwand im Innkreis,12.9632476,48.1843237,0,0.0,62,10.1,190,30.94,251,40.88,32,5.21,10,1.63,14,2.28,34,5.54,9,1.47,6,0.98,5,0.81,0,0.0,1,0.16,0,0.0
41738,Schwanenstadt,13.7728317,48.0543655,0,0.0,447,21.15,452,21.39,709,33.55,205,9.7,51,2.41,43,2.04,142,6.72,22,1.04,12,0.57,14,0.66,0,0.0,16,0.76,0,0.0
41341,Schwarzenberg am Böhmerwald,13.8404035,48.7378852,0,0.0,49,14.16,155,44.8,106,30.64,9,2.6,3,0.87,5,1.45,14,4.05,1,0.29,3,0.87,1,0.29,0,0.0,0,0.0,0,0.0
41124,Schwertberg,14.5842143,48.2812663,0,0.0,910,28.58,803,25.22,864,27.14,230,7.22,46,1.44,62,1.95,206,6.47,15,0.47,25,0.79,15,0.47,0,0.0,8,0.25,0,0.0
41422,Schärding,13.4357666,48.4605024,0,0.0,534,20.9,670,26.22,801,31.35,214,8.38,33,1.29,41,1.6,209,8.18,20,0.78,14,0.55,13,0.51,0,0.0,6,0.23,0,0.0
40619,Schönau im Mühlkreis,14.7077728,48.4026094,0,0.0,186,13.52,508,36.92,461,33.5,79,5.74,16,1.16,19,1.38,71,5.16,17,1.24,11,0.8,7,0.51,0,0.0,1,0.07,0,0.0
41737,Schörfling am Attersee,13.6138797,47.933151,0,0.0,478,22.08,455,21.02,653,30.16,224,10.35,37,1.71,52,2.4,217,10.02,18,0.83,9,0.42,19,0.88,0,0.0,3,0.14,0,0.0
50332,Seeham,13.0582429,47.9656108,0,0.0,123,10.26,456,38.03,312,26.02,109,9.09,29,2.42,24,2.0,118,9.84,12,1.0,10,0.83,6,0.5,0,0.0,0,0.0,0,0.0
50339,Seekirchen am Wallersee,13.1093911,47.9032209,0,0.0,902,13.87,1899,29.2,1692,26.01,832,12.79,253,3.89,105,1.61,691,10.62,35,0.54,47,0.72,48,0.74,0,0.0,0,0.0,0,0.0
41739,Seewalchen am Attersee,13.5630901,47.9549641,0,0.0,733,20.7,829,23.41,1028,29.03,338,9.55,58,1.64,104,2.94,380,10.73,40,1.13,18,0.51,12,0.34,0,0.0,1,0.03,0,0.0
41230,Senftenbach,13.4120357,48.2666073,0,0.0,59,12.34,140,29.29,162,33.89,25,5.23,9,1.88,13,2.72,55,11.51,5,1.05,4,0.84,6,1.26,0,0.0,0,0.0,0,0.0
41516,Sierning,14.3072658,48.0522075,0,0.0,1562,27.43,1196,21.0,1771,31.1,382,6.71,87,1.53,109,1.91,451,7.92,49,0.86,33,0.58,32,0.56,0,0.0,22,0.39,0,0.0
41424,Sigharting,13.6031589,48.3953338,0,0.0,62,11.23,215,38.95,208,37.68,17,3.08,4,0.72,4,0.72,33,5.98,3,0.54,3,0.54,2,0.36,0,0.0,1,0.18,0,0.0
41819,Sipbachzell,14.0990499,48.1070351,0,0.0,188,14.05,407,30.42,452,33.78,86,6.43,20,1.49,27,2.02,133,9.94,9,0.67,7,0.52,8,0.6,0,0.0,1,0.07,0,0.0
41623,Sonnberg im Mühlkreis,14.2947444,48.4597227,0,0.0,122,16.53,226,30.62,207,28.05,57,7.72,17,2.3,15,2.03,67,9.08,10,1.36,12,1.63,5,0.68,0,0.0,0,0.0,0,0.0
41417,St. Aegidi,13.7281643,48.4643909,0,0.0,95,8.84,445,41.4,394,36.65,45,4.19,13,1.21,10,0.93,53,4.93,12,1.12,4,0.37,3,0.28,0,0.0,1,0.09,0,0.0
40824,St. Agatha,13.8678789,48.3890318,0,0.0,154,10.48,546,37.17,517,35.19,88,5.99,14,0.95,13,0.88,116,7.9,8,0.54,6,0.41,6,0.41,0,0.0,1,0.07,0,0.0
41013,St. Florian,14.3705135,48.1998242,0,0.0,790,19.01,1280,30.8,1000,24.06,389,9.36,57,1.37,69,1.66,479,11.53,24,0.58,20,0.48,42,1.01,0,0.0,6,0.14,0,0.0
41418,St. Florian am Inn,13.4692523,48.4258967,0,0.0,289,16.46,504,28.7,640,36.45,120,6.83,25,1.42,29,1.65,116,6.61,14,0.8,7,0.4,8,0.46,0,0.0,4,0.23,0,0.0
40435,St. Georgen am Fillmannsbach,13.0222884,48.1201207,0,0.0,19,6.53,89,30.58,155,53.26,8,2.75,1,0.34,4,1.37,12,4.12,0,0.0,3,1.03,0,0.0,0,0.0,0,0.0,0,0.0
41119,St. Georgen am Walde,14.9068752,48.3672977,0,0.0,217,16.54,394,30.03,529,40.32,56,4.27,13,0.99,16,1.22,56,4.27,12,0.91,11,0.84,6,0.46,0,0.0,2,0.15,0,0.0
41120,St. Georgen an der Gusen,14.4516014,48.2849402,0,0.0,762,28.39,597,22.24,691,25.75,230,8.57,56,2.09,63,2.35,214,7.97,20,0.75,29,1.08,18,0.67,0,0.0,4,0.15,0,0.0
40825,St. Georgen bei Grieskirchen,13.7780361,48.2224656,0,0.0,143,17.33,270,32.73,231,28.0,61,7.39,7,0.85,12,1.45,91,11.03,3,0.36,5,0.61,2,0.24,0,0.0,0,0.0,0,0.0
41226,St. Georgen bei Obernberg am Inn,13.3295782,48.289312,0,0.0,21,5.92,168,47.32,87,24.51,35,9.86,5,1.41,5,1.41,30,8.45,1,0.28,2,0.56,1,0.28,0,0.0,0,0.0,0,0.0
41734,St. Georgen im Attergau,13.478769,47.9320817,0,0.0,377,14.73,725,28.32,873,34.1,200,7.81,29,1.13,76,2.97,220,8.59,24,0.94,16,0.63,15,0.59,0,0.0,5,0.2,0,0.0
41621,St. Gotthard im Mühlkreis,14.1198201,48.3856817,0,0.0,161,18.01,298,33.33,212,23.71,90,10.07,19,2.13,16,1.79,65,7.27,9,1.01,12,1.34,11,1.23,0,0.0,1,0.11,0,0.0
40436,St. Johann am Walde,13.2883751,48.1094489,0,0.0,167,13.64,350,28.59,531,43.38,54,4.41,18,1.47,23,1.88,57,4.66,9,0.74,9,0.74,6,0.49,0,0.0,0,0.0,0,0.0
41331,St. Johann am Wimberg,14.1287175,48.4956868,0,0.0,85,12.25,202,29.11,269,38.76,56,8.07,3,0.43,13,1.87,52,7.49,10,1.44,2,0.29,2,0.29,0,0.0,0,0.0,0,0.0
40716,St. Konrad,13.8819116,47.9070447,0,0.0,131,16.69,262,33.38,261,33.25,36,4.59,11,1.4,9,1.15,51,6.5,7,0.89,6,0.76,10,1.27,0,0.0,1,0.13,0,0.0
40617,St. Leonhard bei Freistadt,14.6788788,48.4492753,0,0.0,143,15.25,335,35.71,304,32.41,47,5.01,20,2.13,18,1.92,45,4.8,8,0.85,11,1.17,4,0.43,0,0.0,3,0.32,0,0.0
41735,St. Lorenz,13.3260822,47.8309409,0,0.0,168,10.83,524,33.78,455,29.34,145,9.35,21,1.35,37,2.39,177,11.41,13,0.84,5,0.32,5,0.32,0,0.0,1,0.06,0,0.0
41020,St. Marien,14.2813663,48.1404075,0,0.0,637,19.69,914,28.25,891,27.54,244,7.54,57,1.76,53,1.64,376,11.62,14,0.43,23,0.71,19,0.59,0,0.0,7,0.22,0,0.0
41227,St. Marienkirchen am Hausruck,13.5781216,48.1860252,0,0.0,47,7.86,211,35.28,209,34.95,50,8.36,6,1.0,21,3.51,40,6.69,10,1.67,2,0.33,2,0.33,0,0.0,0,0.0,0,0.0
40510,St. Marienkirchen an der Polsenz,13.9291997,48.2682262,0,0.0,294,19.1,422,27.42,531,34.5,92,5.98,21,1.36,30,1.95,108,7.02,15,0.97,8,0.52,16,1.04,0,0.0,2,0.13,0,0.0
41419,St. Marienkirchen bei Schärding,13.4457362,48.3773167,0,0.0,101,9.17,385,34.94,415,37.66,66,5.99,11,1.0,23,2.09,85,7.71,5,0.45,7,0.64,3,0.27,0,0.0,1,0.09,0,0.0
41228,St. Martin im Innkreis,13.4375035,48.2966852,0,0.0,132,12.78,306,29.62,364,35.24,85,8.23,18,1.74,24,2.32,80,7.74,10,0.97,4,0.39,5,0.48,0,0.0,5,0.48,0,0.0
41332,St. Martin im Mühlkreis,14.029367,48.4178317,0,0.0,388,15.64,855,34.46,661,26.64,220,8.87,41,1.65,52,2.1,197,7.94,36,1.45,20,0.81,8,0.32,0,0.0,3,0.12,0,0.0
41121,St. Nikola an der Donau,14.9121257,48.2406088,0,0.0,86,19.46,136,30.77,147,33.26,28,6.33,6,1.36,9,2.04,20,4.52,1,0.23,4,0.9,5,1.13,0,0.0,0,0.0,0,0.0
31541,St. Oswald,15.0156642,48.2699598,0,0.0,129,16.31,341,43.11,219,27.69,32,4.05,9,1.14,20,2.53,35,4.42,3,0.38,2,0.25,1,0.13,0,0.0,0,0.0,0,0.0
40618,St. Oswald bei Freistadt,14.6128252,48.5019356,0,0.0,333,17.05,571,29.24,751,38.45,66,3.38,23,1.18,31,1.59,148,7.58,15,0.77,8,0.41,6,0.31,0,0.0,1,0.05,0,0.0
41333,St. Oswald bei Haslach,14.0188063,48.6218624,0,0.0,58,16.34,135,38.03,112,31.55,25,7.04,5,1.41,3,0.85,13,3.66,0,0.0,3,0.85,1,0.28,0,0.0,0,0.0,0,0.0
40916,St. Pankraz,14.2154992,47.7704319,0,0.0,43,17.7,43,17.7,124,51.03,12,4.94,4,1.65,5,2.06,8,3.29,0,0.0,2,0.82,2,0.82,0,0.0,0,0.0,0,0.0
40437,St. Pantaleon,12.880602,48.0188448,0,0.0,300,18.2,407,24.7,606,36.77,74,4.49,60,3.64,36,2.18,125,7.58,17,1.03,5,0.3,11,0.67,0,0.0,7,0.42,0,0.0
30529,St. Pantaleon-Erla,14.5639211,48.2068422,0,0.0,440,25.11,463,26.43,516,29.45,120,6.85,25,1.43,39,2.23,117,6.68,12,0.68,13,0.74,7,0.4,0,0.0,0,0.0,0,0.0
40438,St. Peter am Hart,13.0982462,48.2579139,0,0.0,214,15.04,367,25.79,533,37.46,93,6.54,22,1.55,31,2.18,125,8.78,21,1.48,8,0.56,8,0.56,0,0.0,1,0.07,0,0.0
41334,St. Peter am Wimberg,14.0877431,48.5206013,0,0.0,179,14.48,469,37.94,305,24.68,86,6.96,20,1.62,26,2.1,107,8.66,18,1.46,16,1.29,8,0.65,0,0.0,2,0.16,0,0.0
30530,St. Peter in der Au,14.586956,48.0146307,0,0.0,462,13.82,1157,34.61,1062,31.77,229,6.85,46,1.38,59,1.76,250,7.48,22,0.66,28,0.84,27,0.81,0,0.0,1,0.03,0,0.0
40439,St. Radegund,12.7787698,48.1091934,0,0.0,23,6.63,151,43.52,76,21.9,33,9.51,9,2.59,10,2.88,33,9.51,5,1.44,3,0.86,3,0.86,0,0.0,1,0.29,0,0.0
41420,St. Roman,13.6237021,48.4882262,0,0.0,76,6.58,437,37.84,472,40.87,45,3.9,8,0.69,20,1.73,72,6.23,9,0.78,10,0.87,6,0.52,0,0.0,0,0.0,0,0.0
41346,St. Stefan-Afiesl,14.1106933,48.5739567,0,0.0,82,11.29,273,37.6,216,29.75,55,7.58,15,2.07,16,2.2,50,6.89,4,0.55,10,1.38,4,0.55,0,0.0,1,0.14,0,0.0
40826,St. Thomas,13.8784055,48.2864407,0,0.0,60,15.5,115,29.72,134,34.63,31,8.01,5,1.29,17,4.39,16,4.13,7,1.81,2,0.52,0,0.0,0,0.0,0,0.0,0,0.0
41122,St. Thomas am Blasenstein,14.7598144,48.3102279,0,0.0,56,8.68,278,43.1,214,33.18,22,3.41,8,1.24,5,0.78,35,5.43,14,2.17,9,1.4,4,0.62,0,0.0,0,0.0,0,0.0
41514,St. Ulrich bei Steyr,14.4728987,47.9985196,0,0.0,379,17.52,677,31.3,631,29.17,195,9.02,29,1.34,30,1.39,173,8.0,13,0.6,14,0.65,21,0.97,0,0.0,1,0.05,0,0.0
41336,St. Ulrich im Mühlkreis,14.0619873,48.4803722,0,0.0,64,14.19,165,36.59,130,28.82,33,7.32,9,2.0,7,1.55,31,6.87,8,1.77,2,0.44,2,0.44,0,0.0,0,0.0,0,0.0
30531,St. Valentin,14.5315496,48.1706857,0,0.0,1821,31.01,1262,21.49,1599,27.23,418,7.12,102,1.74,134,2.28,450,7.66,18,0.31,44,0.75,18,0.31,0,0.0,6,0.1,0,0.0
40440,St. Veit im Innkreis,13.2725222,48.2091616,0,0.0,47,17.94,82,31.3,106,40.46,12,4.58,4,1.53,1,0.38,9,3.44,1,0.38,0,0.0,0,0.0,0,0.0,0,0.0,0,0.0
41337,St. Veit im Mühlkreis,14.1532862,48.4667956,0,0.0,104,12.15,359,41.94,247,28.86,47,5.49,5,0.58,17,1.99,60,7.01,8,0.93,4,0.47,4,0.47,0,0.0,1,0.12,0,0.0
41421,St. Willibald,13.6977897,48.3612874,0,0.0,70,9.31,223,29.65,326,43.35,25,3.32,11,1.46,18,2.39,58,7.71,13,1.73,5,0.66,3,0.4,0,0.0,0,0.0,0,0.0
40717,St. Wolfgang im Salzkammergut,13.5029213,47.7500067,0,0.0,252,15.03,609,36.31,455,27.13,124,7.39,34,2.03,30,1.79,133,7.93,18,1.07,10,0.6,9,0.54,0,0.0,3,0.18,0,0.0
41820,Stadl-Paura,13.8533915,48.0729583,0,0.0,562,22.09,510,20.05,923,36.28,187,7.35,56,2.2,68,2.67,176,6.92,23,0.9,23,0.9,13,0.51,0,0.0,3,0.12,0,0.0
40828,Steegen,13.7351673,48.3480157,0,0.0,72,10.65,210,31.07,282,41.72,41,6.07,9,1.33,10,1.48,39,5.77,5,0.74,4,0.59,4,0.59,0,0.0,0,0.0,0,0.0
41740,Steinbach am Attersee,13.5731919,47.8139059,0,0.0,78,13.66,224,39.23,131,22.94,46,8.06,10,1.75,8,1.4,65,11.38,3,0.53,3,0.53,2,0.35,0,0.0,1,0.18,0,0.0
40919,Steinbach am Ziehberg,14.0330742,47.8926971,0,0.0,97,16.81,170,29.46,217,37.61,26,4.51,6,1.04,11,1.91,35,6.07,7,1.21,4,0.69,2,0.35,0,0.0,2,0.35,0,0.0
40920,Steinbach an der Steyr,14.2784984,47.9536404,0,0.0,231,17.76,415,31.9,469,36.05,60,4.61,16,1.23,29,2.23,65,5.0,3,0.23,6,0.46,7,0.54,0,0.0,0,0.0,0,0.0
41821,Steinerkirchen an der Traun,13.9643329,48.0651732,0,0.0,164,10.38,502,31.77,587,37.15,106,6.71,18,1.14,32,2.03,144,9.11,6,0.38,16,1.01,5,0.32,0,0.0,0,0.0,0,0.0
41822,Steinhaus,14.0103551,48.1146809,0,0.0,254,14.95,441,25.96,654,38.49,111,6.53,18,1.06,33,1.94,160,9.42,11,0.65,8,0.47,8,0.47,0,0.0,1,0.06,0,0.0
40201,Steyr,14.4190285,48.0549192,0,0.0,5865,31.35,3099,16.56,5554,29.68,1482,7.92,587,3.14,328,1.75,1352,7.23,128,0.68,132,0.71,92,0.49,0,0.0,92,0.49,0,0.0
41624,Steyregg,14.3715076,48.2984996,0,0.0,826,26.63,695,22.4,819,26.4,304,9.8,46,1.48,54,1.74,298,9.61,16,0.52,30,0.97,9,0.29,0,0.0,5,0.16,0,0.0
41741,Straß im Attergau,13.4447738,47.9076225,0,0.0,110,11.73,307,32.73,335,35.71,56,5.97,16,1.71,21,2.24,74,7.89,9,0.96,8,0.85,2,0.21,0,0.0,0,0.0,0,0.0
50335,Straßwalchen,13.2920411,47.9748602,0,0.0,660,15.06,1318,30.08,1571,35.85,253,5.77,117,2.67,64,1.46,331,7.55,17,0.39,31,0.71,20,0.46,0,0.0,0,0.0,0,0.0
40512,Stroheim,13.9372866,48.3464822,0,0.0,130,11.71,391,35.23,391,35.23,44,3.96,17,1.53,29,2.61,77,6.94,5,0.45,13,1.17,11,0.99,0,0.0,2,0.18,0,0.0
41425,Suben,13.4393807,48.4112247,0,0.0,111,14.55,267,34.99,236,30.93,43,5.64,11,1.44,19,2.49,55,7.21,5,0.66,6,0.79,4,0.52,0,0.0,6,0.79,0,0.0
41231,Taiskirchen im Innkreis,13.5721218,48.2773746,0,0.0,157,10.12,544,35.05,535,34.47,125,8.05,13,0.84,29,1.87,119,7.67,14,0.9,8,0.52,7,0.45,0,0.0,1,0.06,0,0.0
40443,Tarsdorf,12.8309137,48.0853498,0,0.0,111,9.21,431,35.77,449,37.26,55,4.56,29,2.41,21,1.74,76,6.31,10,0.83,17,1.41,5,0.41,0,0.0,1,0.08,0,0.0
41426,Taufkirchen an der Pram,13.5233972,48.4133728,0,0.0,246,13.92,574,32.48,682,38.6,100,5.66,25,1.41,30,1.7,82,4.64,10,0.57,15,0.85,2,0.11,0,0.0,1,0.06,0,0.0
40829,Taufkirchen an der Trattnach,13.7334645,48.253149,0,0.0,154,12.5,396,32.14,483,39.2,70,5.68,21,1.7,22,1.79,67,5.44,7,0.57,8,0.65,4,0.32,0,0.0,0,0.0,0,0.0
41517,Ternberg,14.3509769,47.9374333,0,0.0,496,22.8,578,26.57,674,30.99,122,5.61,37,1.7,51,2.34,156,7.17,32,1.47,14,0.64,14,0.64,0,0.0,1,0.05,0,0.0
50337,Thalgau,13.2477078,47.8494877,0,0.0,424,11.56,1180,32.17,1200,32.72,310,8.45,90,2.45,65,1.77,339,9.24,22,0.6,19,0.52,19,0.52,0,0.0,0,0.0,0,0.0
41823,Thalheim bei Wels,14.0424647,48.1388976,0,0.0,530,16.34,842,25.96,885,27.29,389,12.0,70,2.16,44,1.36,400,12.33,28,0.86,17,0.52,24,0.74,0,0.0,14,0.43,0,0.0
41742,Tiefgraben,13.3317071,47.879073,0,0.0,251,10.61,796,33.64,692,29.25,204,8.62,48,2.03,68,2.87,256,10.82,23,0.97,13,0.55,13,0.55,0,0.0,2,0.08,0,0.0
41743,Timelkam,13.6066895,48.004749,0,0.0,881,26.46,743,22.32,984,29.56,279,8.38,58,1.74,71,2.13,232,6.97,31,0.93,16,0.48,21,0.63,0,0.0,13,0.39,0,0.0
40830,Tollet,13.7991848,48.2543669,0,0.0,121,18.67,190,29.32,176,27.16,59,9.1,9,1.39,9,1.39,75,11.57,1,0.15,3,0.46,5,0.77,0,0.0,0,0.0,0,0.0
40620,Tragwein,14.6011447,48.3454755,0,0.0,542,25.24,561,26.13,636,29.62,133,6.19,47,2.19,49,2.28,139,6.47,17,0.79,9,0.42,13,0.61,0,0.0,1,0.05,0,0.0
41021,Traun,14.235934,48.225062,0,0.0,3013,28.2,2219,20.77,3353,31.38,638,5.97,242,2.27,176,1.65,738,6.91,85,0.8,68,0.64,52,0.49,0,0.0,100,0.94,0,0.0
40718,Traunkirchen,13.7638808,47.8481333,0,0.0,218,19.52,312,27.93,270,24.17,135,12.09,12,1.07,21,1.88,130,11.64,9,0.81,4,0.36,5,0.45,0,0.0,1,0.09,0,0.0
40444,Treubach,13.1989403,48.1913606,0,0.0,30,7.13,156,37.05,188,44.66,8,1.9,7,1.66,5,1.19,18,4.28,6,1.43,2,0.48,1,0.24,0,0.0,0,0.0,0,0.0
41232,Tumeltsham,13.5018905,48.2312947,0,0.0,103,10.04,319,31.09,348,33.92,103,10.04,13,1.27,17,1.66,98,9.55,13,1.27,2,0.19,6,0.58,0,0.0,4,0.39,0,0.0
41342,Ulrichsberg,13.92174,48.6857072,0,0.0,246,13.77,611,34.19,573,32.06,140,7.83,18,1.01,35,1.96,127,7.11,20,1.12,13,0.73,4,0.22,0,0.0,0,0.0,0,0.0
41744,Ungenach,13.6206422,48.0494307,0,0.0,115,11.88,294,30.37,310,32.02,107,11.05,13,1.34,24,2.48,74,7.64,7,0.72,14,1.45,7,0.72,0,0.0,3,0.31,0,0.0
41745,Unterach am Attersee,13.4868148,47.8162385,0,0.0,145,16.46,304,34.51,229,25.99,78,8.85,8,0.91,24,2.72,77,8.74,4,0.45,9,1.02,3,0.34,0,0.0,0,0.0,0,0.0
40622,Unterweitersdorf,14.4635633,48.3717473,0,0.0,379,24.42,365,23.52,470,30.28,118,7.6,35,2.26,30,1.93,110,7.09,14,0.9,13,0.84,15,0.97,0,0.0,3,0.19,0,0.0
40621,Unterweißenbach,14.8007641,48.4497716,0,0.0,159,10.88,532,36.41,574,39.29,55,3.76,22,1.51,25,1.71,55,3.76,16,1.1,19,1.3,2,0.14,0,0.0,2,0.14,0,0.0
41233,Utzenaich,13.4819703,48.280853,0,0.0,116,11.44,312,30.77,372,36.69,78,7.69,6,0.59,25,2.47,83,8.19,9,0.89,8,0.79,4,0.39,0,0.0,1,0.1,0,0.0
41427,Vichtenstein,13.6565441,48.5236586,0,0.0,25,7.55,138,41.69,114,34.44,15,4.53,7,2.11,7,2.11,15,4.53,4,1.21,3,0.91,3,0.91,0,0.0,0,0.0,0,0.0
40720,Vorchdorf,13.9322949,47.9943253,0,0.0,830,18.01,1096,23.78,1643,35.66,403,8.75,81,1.76,78,1.69,359,7.79,46,1.0,27,0.59,27,0.59,0,0.0,18,0.39,0,0.0
41628,Vorderweißenbach,14.2179709,48.5514177,0,0.0,253,14.0,688,38.07,541,29.94,88,4.87,22,1.22,29,1.6,140,7.75,12,0.66,23,1.27,11,0.61,0,0.0,0,0.0,0,0.0
41746,Vöcklabruck,13.649944,48.0134847,0,0.0,1539,24.75,1390,22.36,1563,25.14,716,11.52,150,2.41,120,1.93,595,9.57,53,0.85,40,0.64,32,0.51,0,0.0,19,0.31,0,0.0
41747,Vöcklamarkt,13.4853356,47.9919549,0,0.0,483,17.19,786,27.98,890,31.68,248,8.83,39,1.39,82,2.92,208,7.4,28,1.0,22,0.78,18,0.64,0,0.0,5,0.18,0,0.0
30301,Waidhofen an der Ybbs,14.7757265,47.9572208,0,0.0,1277,17.54,2287,31.41,1960,26.92,646,8.87,149,2.05,145,1.99,658,9.04,62,0.85,40,0.55,50,0.69,0,0.0,7,0.1,0,0.0
40831,Waizenkirchen,13.8534639,48.3321733,0,0.0,283,12.06,803,34.23,750,31.97,184,7.84,25,1.07,45,1.92,201,8.57,23,0.98,13,0.55,14,0.6,0,0.0,5,0.21,0,0.0
40623,Waldburg,14.4327956,48.5172454,0,0.0,155,16.0,317,32.71,270,27.86,78,8.05,16,1.65,20,2.06,90,9.29,9,0.93,8,0.83,6,0.62,0,0.0,0,0.0,0,0.0
41125,Waldhausen im Strudengau,14.9479817,48.2772703,0,0.0,350,18.5,528,27.91,690,36.47,104,5.5,34,1.8,37,1.96,93,4.92,22,1.16,19,1.0,14,0.74,0,0.0,1,0.05,0,0.0
41626,Walding,14.1387971,48.3497293,0,0.0,622,22.35,826,29.68,561,20.16,315,11.32,50,1.8,58,2.08,290,10.42,10,0.36,29,1.04,17,0.61,0,0.0,5,0.18,0,0.0
41428,Waldkirchen am Wesen,13.8088253,48.4396531,0,0.0,124,15.82,284,36.22,271,34.57,24,3.06,8,1.02,16,2.04,40,5.1,4,0.51,10,1.28,2,0.26,0,0.0,1,0.13,0,0.0
41518,Waldneukirchen,14.2589643,48.0096362,0,0.0,283,18.7,484,31.99,443,29.28,87,5.75,32,2.12,33,2.18,122,8.06,17,1.12,3,0.2,6,0.4,0,0.0,3,0.2,0,0.0
41234,Waldzell,13.4042194,48.1058066,0,0.0,213,15.48,444,32.27,505,36.7,66,4.8,16,1.16,29,2.11,79,5.74,11,0.8,9,0.65,4,0.29,0,0.0,0,0.0,0,0.0
40832,Wallern an der Trattnach,13.9535806,48.2306001,0,0.0,395,20.17,556,28.4,604,30.85,169,8.63,26,1.33,25,1.28,149,7.61,12,0.61,11,0.56,7,0.36,0,0.0,4,0.2,0,0.0
30538,Wallsee-Sindelburg,14.7203154,48.1483036,0,0.0,263,19.63,472,35.22,361,26.94,92,6.87,24,1.79,20,1.49,99,7.39,4,0.3,3,0.22,2,0.15,0,0.0,0,0.0,0,0.0
50338,Wals-Siezenheim,12.9721214,47.7829423,0,0.0,1131,14.2,2644,33.2,2167,27.21,672,8.44,311,3.9,132,1.66,764,9.59,48,0.6,57,0.72,39,0.49,0,0.0,0,0.0,0,0.0
40922,Wartberg an der Krems,14.1058784,47.994613,0,0.0,254,14.85,543,31.75,574,33.57,122,7.13,38,2.22,36,2.11,125,7.31,10,0.58,7,0.41,0,0.0,0,0.0,1,0.06,0,0.0
40624,Wartberg ob der Aist,14.4982719,48.3419555,0,0.0,731,24.01,754,24.77,865,28.42,314,10.32,54,1.77,58,1.91,209,6.87,21,0.69,19,0.62,17,0.56,0,0.0,2,0.07,0,0.0
40833,Weibern,13.6902285,48.1815416,0,0.0,161,15.99,335,33.27,273,27.11,88,8.74,16,1.59,23,2.28,88,8.74,6,0.6,7,0.7,10,0.99,0,0.0,0,0.0,0,0.0
41235,Weilbach,13.3717924,48.2745947,0,0.0,33,8.07,160,39.12,154,37.65,27,6.6,3,0.73,7,1.71,19,4.65,3,0.73,1,0.24,2,0.49,0,0.0,0,0.0,0,0.0
40625,Weitersfelden,14.712102,48.4996056,0,0.0,89,12.99,277,40.44,201,29.34,31,4.53,6,0.88,14,2.04,46,6.72,9,1.31,7,1.02,4,0.58,0,0.0,1,0.15,0,0.0
41748,Weißenkirchen im Attergau,13.4016566,47.952346,0,0.0,51,8.21,223,35.91,242,38.97,48,7.73,10,1.61,11,1.77,27,4.35,3,0.48,1,0.16,4,0.64,0,0.0,1,0.16,0,0.0
41824,Weißkirchen an der Traun,14.1217054,48.1585703,0,0.0,441,19.99,573,25.97,721,32.68,132,5.98,35,1.59,48,2.18,212,9.61,14,0.63,13,0.59,16,0.73,0,0.0,1,0.05,0,0.0
40301,Wels,14.0174174,48.1753341,0,0.0,6306,24.46,5134,19.92,8184,31.75,2187,8.48,698,2.71,399,1.55,2216,8.6,135,0.52,143,0.55,130,0.5,0,0.0,246,0.95,0,0.0
40834,Wendling,13.6597813,48.245958,0,0.0,55,9.42,182,31.16,230,39.38,44,7.53,2,0.34,14,2.4,44,7.53,4,0.68,5,0.86,3,0.51,0,0.0,1,0.17,0,0.0
40446,Weng im Innkreis,13.1706526,48.2446899,0,0.0,118,13.56,269,30.92,359,41.26,43,4.94,7,0.8,8,0.92,43,4.94,11,1.26,7,0.8,5,0.57,0,0.0,0,0.0,0,0.0
41429,Wernstein am Inn,13.4717059,48.5051719,0,0.0,152,16.29,308,33.01,313,33.55,66,7.07,10,1.07,11,1.18,56,6.0,10,1.07,5,0.54,1,0.11,0,0.0,1,0.11,0,0.0
41522,Weyer,14.6061357,47.7857078,0,0.0,580,22.8,645,25.35,767,30.15,220,8.65,50,1.97,48,1.89,188,7.39,12,0.47,19,0.75,15,0.59,0,0.0,0,0.0,0,0.0
41749,Weyregg am Attersee,13.5994201,47.8887954,0,0.0,146,14.2,341,33.17,242,23.54,130,12.65,12,1.17,18,1.75,111,10.8,13,1.26,4,0.39,10,0.97,0,0.0,1,0.1,0,0.0
41022,Wilhering,14.1843124,48.3004367,0,0.0,870,21.51,1150,28.43,832,20.57,480,11.87,50,1.24,58,1.43,518,12.81,28,0.69,24,0.59,31,0.77,0,0.0,4,0.1,0,0.0
40626,Windhaag bei Freistadt,14.5737054,48.5854262,0,0.0,195,18.38,440,41.47,254,23.94,61,5.75,14,1.32,16,1.51,63,5.94,4,0.38,9,0.85,4,0.38,0,0.0,1,0.09,0,0.0
41126,Windhaag bei Perg,14.6737781,48.2826285,0,0.0,121,13.01,339,36.45,294,31.61,61,6.56,12,1.29,19,2.04,64,6.88,11,1.18,3,0.32,4,0.43,0,0.0,2,0.22,0,0.0
41236,Wippenham,13.3809696,48.2248987,0,0.0,75,19.69,102,26.77,129,33.86,23,6.04,6,1.57,5,1.31,31,8.14,7,1.84,3,0.79,0,0.0,0,0.0,0,0.0,0,0.0
41521,Wolfern,14.3648991,48.0996654,0,0.0,440,19.3,725,31.8,683,29.96,158,6.93,33,1.45,43,1.89,155,6.8,9,0.39,14,0.61,16,0.7,0,0.0,4,0.18,0,0.0
41750,Wolfsegg am Hausruck,13.6825843,48.1104851,0,0.0,274,22.87,299,24.96,352,29.38,111,9.27,28,2.34,33,2.75,81,6.76,8,0.67,4,0.33,8,0.67,0,0.0,0,0.0,0,0.0
41751,Zell am Moos,13.3435327,47.9152096,0,0.0,97,10.24,351,37.06,302,31.89,68,7.18,14,1.48,16,1.69,83,8.76,5,0.53,5,0.53,6,0.63,0,0.0,0,0.0,0,0.0
41752,Zell am Pettenfirst,13.595586,48.0753528,0,0.0,121,16.05,229,30.37,207,27.45,70,9.28,14,1.86,19,2.52,60,7.96,13,1.72,8,1.06,13,1.72,0,0.0,0,0.0,0,0.0
41430,Zell an der Pram,13.6102411,48.3187597,0,0.0,121,10.44,428,36.93,348,30.03,113,9.75,20,1.73,27,2.33,76,6.56,8,0.69,11,0.95,5,0.43,0,0.0,2,0.17,0,0.0
41627,Zwettl an der Rodl,14.2597102,48.4684133,0,0.0,220,18.79,368,31.43,265,22.63,149,12.72,18,1.54,32,2.73,87,7.43,10,0.85,9,0.77,11,0.94,0,0.0,2,0.17,0,0.0
40445,Überackern,12.8978961,48.1850748,0,0.0,37,11.49,117,36.34,117,36.34,13,4.04,5,1.55,5,1.55,22,6.83,2,0.62,3,0.93,1,0.31,0,0.0,0,0.0,0,0.0
